,일자,석식메뉴
0,2016-02-01,"['육개장', '잡곡밥', '자반고등어구이', '건파래무침', '두부조림', '포기김치', '쌀밥']"
1,2016-02-02,"['아삭고추무침', '유산슬', '바나나', '포기김치', '콩나물밥*양념장', '어묵국']"
2,2016-02-03,"['청국장찌개', '잡곡밥', '고기전', '황태양념구이', '새송이버섯볶음', '포기김치', '쌀밥']"
3,2016-02-04,"['무피클', '우동', '군고구마', '미니김밥*겨자장', '포기김치', '멕시칸샐러드']"
4,2016-02-05,"['잡곡밥', '감자소세지볶음', '차돌박이찌개', '콩나물무침', '포기김치', '닭갈비', '쌀밥']"
5,2016-02-11,"['맑은국', '군만두', '참치회덮밥', '과일샐러드', '포기김치', '락교']"
6,2016-02-12,"['어묵볶음', '깍두기', '잡곡밥', '김치콩나물국', '물파래무침', '쌀밥', '미니함박']"
7,2016-02-15,"['등갈비김치찜', '잡곡밥', '홍합미역국', '임연수구이', '브로컬리초장', '포기김치', '쌀밥']"
8,2016-02-16,"['쇠불고기', '된장찌개', '잡곡밥', '봄동무침', '해파리겨자채', '포기김치', '쌀밥']"
9,2016-02-17,"['맑은국', '볶음밥*자장소스', '새우또띠아', '쨔샤이무침', '요플레', '포기김치']"
10,2016-02-18,"['감자채볶음', '순두부찌개', '잡곡밥', '쌈만두', '명태조림', '포기김치', '쌀밥']"
11,2016-02-19,"['석박지', '잡곡밥', '야채스틱', '바나나', '김치전', '쌀밥', '설렁탕']"
12,2016-02-22,"['부추오이생채', '떡갈비조림', '잡곡밥', '옹심이만두국', '포기김치', '청포묵무침', '쌀밥']"
13,2016-02-23,"['통배추겉절이', '잡곡밥', '해물까스&타르타르소스', '미역레몬초무침', '볶음쌀국수', '쌀밥', '콩비지찌개']"
14,2016-02-24,"['매운돼지갈비찜', '열무된장국', '잡곡밥', '멸치호두볶음', '숙주나물', '포기김치', '쌀밥']"
15,2016-02-25,"['(오븐에', '교자만두', '무피클', '잔치국수', '포기김치', '멕시칸샐러드', '찜)', '김밥']"
16,2016-02-26,"['잡곡밥', '닭개장', '삼치구이', '꽃맛살볶음', '청경채사과무침', '포기김치', '쌀밥']"
17,2016-02-29,"['두부양념조림', '꽁치한마리구이', '잡곡밥', '구이김', '포기김치', '버섯들깨탕', '쌀밥']"
18,2016-03-02,"['버섯불고기', '된장찌개', '잡곡밥', '양념깻잎지', '콩나물겨자채', '포기김치', '쌀밥']"
19,2016-03-03,"['떡볶이', '우동', '단무지', '멸치주먹밥', '군고구마', '포기김치']"
20,2016-03-04,"['오징어국', '부추생채', '잡곡밥', '옥수수전', '미트볼조림', '포기김치', '쌀밥']"
21,2016-03-07,"['감자채볶음', '대구찌개', '돈육굴소스볶음', '잡곡밥', '물파래무침', '포기김치', '쌀밥']"
22,2016-03-08,"['카레덮밥', '가쯔오장국', '수제고로케*케찹', '오복지', '과일샐러드', '포기김치']"
23,2016-03-09,"['생선까스*탈탈소스', '육개장', '잡곡밥', '야채계란찜', '포기김치', '콩나물무침', '쌀밥']"
24,2016-03-10,"['꼬들단무지', '개성감자만두', '타코야끼', '짬뽕', '볶음밥', '포기김치']"
25,2016-03-11,"['잡곡밥', '코다리무조림', '봄동겉절이', '고추잡채*꽃빵', '연두부탕', '포기김치', '쌀밥']"
26,2016-03-14,"['간장찜닭', '잡곡밥', '참나물생채', '달래된장찌개', '통도라지구이', '포기김치', '쌀밥']"
27,2016-03-15,"['꽃맛살샐러드', '짜장잡채덮밥', '오이무침', '계란파국', '포기김치', '참치야채전']"
28,2016-03-16,"['버섯메밀전', '잡곡밥', '야채스틱*쌈장', '해물청경채볶음', '뼈해장국', '포기김치', '쌀밥']"
29,2016-03-17,"['양송이스프', '미니햄버거', '음료', '무피클', '포기김치', '단호박범벅', '토마토스파게티']"
30,2016-03-18,"['어묵곤약볶음', '돌나물초장', '석박지', '잡곡밥', '임연수찜', '닭곰탕', '쌀밥']"
31,2016-03-21,"['잡곡밥', '수제비국', '아귀콩나물찜', '봄동겉절이', '새송이버섯볶음', '포기김치', '쌀밥']"
32,2016-03-22,"['궁중떡찜', '굴소스파인볶음밥', '가쯔오장국', '두반장가지나물', '포기김치', '찹쌀순대볶음']"
33,2016-03-23,"['마파두부', '동그랑땡전', '알탕', '잡곡밥', '시금치나물', '포기김치', '쌀밥']"
34,2016-03-24,"['미소장국', '군만두', '콘샐러드', '참치회덮밥', '바나나', '포기김치']"
35,2016-03-25,"['감자채볶음', '누룽지탕수육', '잡곡밥', '포기김치', '쌀밥', '청경채무침', '냉이된장찌개']"
36,2016-03-28,"['해물까스*탈탈소스', '도라지나물', '잡곡밥', '유산슬', '포기김치', '쌀밥', '콩비지찌개']"
37,2016-03-29,"['돈육씨앗강정', '유부장국', '해초무침', '깨찰빵', '햄볶음밥', '포기김치']"
38,2016-03-30,"['청포묵무침', '애호박나물', '등갈비김치찜', '깍두기', '잡곡밥', '쌀밥', '어묵국']"
39,2016-03-31,"['또띠아피자', '포기김치', '주먹밥', '잔치국수', '과일샐러드', '오이피클']"
40,2016-04-01,"['숙주미나리나물', '잡곡밥', '계란찜', '쇠고기미역국', '포기김치', '순살깐풍기', '쌀밥']"
41,2016-04-04,"['부추생채', '된장찌개', '잡곡밥', '고등어조림', '고기전', '포기김치', '쌀밥']"
42,2016-04-05,"['꽃맛살샐러드', '감자치즈구이', '깍두기', '가쯔오장국', '단무지', '김치볶음밥']"
43,2016-04-06,"['탕평채', '잡곡밥', '청경채생채', '찜닭', '매운버섯국', '포기김치', '쌀밥']"
44,2016-04-07,"['김밥', '우동', '오복지', '야채튀김', '포기김치', '조각사과']"
45,2016-04-08,"['오징어국', '잡곡밥', '멸치호두볶음', '포기김치', '쌀밥', '치커리사과무침', '미니함박']"
46,2016-04-11,"['가자미찜', '돌나물오이무침', '잡곡밥', '계란야채말이', '쇠고기무국', '포기김치', '쌀밥']"
47,2016-04-12,"['유부주머니국', '떡볶이', '단무지무침', '치킨마요덮밥', '포기김치', '오렌지']"
48,2016-04-14,"['팽이버섯장국', '비빔밥', '새우또띠아', '견과류조림', '피크닉', '포기김치']"
49,2016-04-15,"['수제돈가스', '잡곡밥', '감자범벅', '참나물생채', '들깨미역국', '무피클', '포기김치', '쌀밥']"
50,2016-04-18,"['잡곡밥', '유산슬', '꽃게탕', '두반장가지나물', '야채계란찜', '포기김치', '쌀밥']"
51,2016-04-19,"['유부장국', '꼬들단무지', '낙지비빔밥', '새싹피자', '과일샐러드', '포기김치']"
52,2016-04-20,"['잡곡밥', '새송이버섯전', '닭볶음탕', '시금치나물', '포기김치', '쌀밥', '어묵국']"
53,2016-04-21,"['오므라이스', '해물까스*탈탈소스', '피클', '쫄면무침', '팽이버섯국', '바나나', '포기김치']"
54,2016-04-22,"['순두부찌개', '잡곡밥', '취나물땅콩무침', '꽃맛살볶음', '탕수어', '포기김치', '쌀밥']"
55,2016-04-25,"['알탕', '세발나물', '잡곡밥', '모둠묵*양념장', '포기김치', '순살깐풍기', '쌀밥']"
56,2016-04-26,"['맑은국', '짜장덮밥', '쇠고기퀘사디아', '오이무침', '요플레', '단무지', '포기김치']"
57,2016-04-27,"['청국장찌개', '잡곡밥', '코다리무조림', '참나물', '비엔나케찹볶음', '포기김치', '쌀밥']"
58,2016-04-28,"['탕수만두', '가쯔오장국', '참치주먹밥', '포기김치', '오렌지', '비빔메밀국수']"
59,2016-04-29,"['들깨버섯탕', '시금치초장무침', '잡곡밥', '두부계란구이', '고추잡채*꽃빵', '포기김치', '쌀밥']"
60,2016-05-02,"['잡곡밥', '날치알계란찜', '북어국', '포기김치', '고추장불고기', '모듬양채쌈', '쌀밥']"
61,2016-05-03,"['열무김치', '잡곡밥', '삼치구이', '탕수육', '미역줄기볶음', '부대찌개*라면사리', '쌀밥']"
62,2016-05-04,"['미소장국', '카레덮밥', '수제미니햄버거', '사과', '오이소박이', '오렌지쥬스', '포기김치']"
63,2016-05-09,"['모둠소시지구이', '잡곡밥', '오이무침', '닭개장', '가자미튀김', '포기김치', '쌀밥']"
64,2016-05-10,"['가쯔오국', '감자만두', '계란', '바나나', '김치볶음밥', '포기김치', '찹쌀순대볶음']"
65,2016-05-11,"['열무김치', '양념깻잎지', '잡곡밥', '해물누룽지탕', '치즈계란말이', '쌀밥', '콩비지찌개']"
66,2016-05-12,"['컵주스', '돈까스김밥', '마늘쫑무침', '잔치국수', '포기김치', '멕시칸샐러드']"
67,2016-05-13,"['잡곡밥', '코다리강정', '얼갈이나물', '쇠고기무국', '포기김치', '잡채', '쌀밥']"
68,2016-05-16,"['부추생채', '잡곡밥', '닭곰탕', '주꾸미볶음', '두부계란부침', '포기김치', '쌀밥']"
69,2016-05-17,"['또띠아칩', '떡볶이', '군만두', '우동', '유부초밥', '포기김치', '오렌지']"
70,2016-05-18,"['시금치무침', '석박지', '메추리알조림', '잡곡밥', '황태양념구이', '뼈해장국', '쌀밥']"
71,2016-05-19,"['팽이장국', '새우살볶음밥', '슈크림', '사천식탕수육', '포기김치', '콩나물무침']"
72,2016-05-20,"['꽁치허브구이', '육개장', '잡곡밥', '비엔나케찹볶음', '참나물무침', '포기김치', '쌀밥']"
73,2016-05-23,"['데리야끼파닭', '아삭고추무침', '잡곡밥', '수제비국', '새송이버섯볶음', '포기김치', '쌀밥']"
74,2016-05-24,"['맑은국', '방울토마토', '고구마치즈구이', '참치회덮밥', '포기김치', '락교']"
75,2016-05-25,"['해물까스*탈탈소스', '등갈비김치찜', '도라지나물', '된장찌개', '잡곡밥', '오이소박이', '쌀밥']"
76,2016-05-26,"['춘권*칠리소스', '쨔샤이무침', '짜장잡채밥', '계란파국', '과일샐러드', '포기김치']"
77,2016-05-27,"['잡곡밥', '꽃게탕', '계란말이', '연두부*새싹장', '돈육청경채볶음', '포기김치', '쌀밥']"
78,2016-05-30,"['미니함박조림', '잡곡밥', '해물순두부찌개', '숙주나물', '도토리묵무침', '포기김치', '쌀밥']"
79,2016-05-31,"['꽃맛살샐러드', '수제고로케*케찹', '참치주먹밥', '무피클', '쌀국수', '포기김치']"
80,2016-06-01,"['잡곡밥', '감자채햄볶음', '양배추쌈', '포기김치', '쌀밥', '고추장불고기', '어묵국']"
81,2016-06-02,"['땅콩조림', '유부장국', '배추겉절이', '날치알볶음밥', '고추잡채*꽃빵', '오렌지']"
82,2016-06-03,"['주꾸미무침', '시래기국', '잡곡밥', '수제돈까스', '포기김치', '오이피클', '단호박범벅', '쌀밥']"
83,2016-06-07,"['미트볼케찹조림', '가쯔오장국', '계란찜', '마늘쫑무침', '포기김치', '콩나물밥*양념장']"
84,2016-06-08,"['우엉잡채', '상추겉절이', '육개장', '잡곡밥', '자반고등어구이', '포기김치', '쌀밥']"
85,2016-06-09,"['석박지', '방울토마토', '충무김밥', '열무물국수', '야채튀김', '오징어무침']"
86,2016-06-10,"['버섯불고기', '잡곡밥', '참나물', '두부조림', '포기김치', '쌀밥', '어묵국']"
87,2016-06-13,"['들깨버섯탕', '아삭고추무침', '잡곡밥', '햄맛살볶음', '삼치데리야끼구이', '포기김치', '쌀밥']"
88,2016-06-14,"['오므라이스', '미소장국', '군만두', '훈제오리냉채', '수박', '포기김치']"
89,2016-06-15,"['오이도라지생채', '잡곡밥', '계란말이', '해물청경채볶음', '닭개장', '포기김치', '쌀밥']"
90,2016-06-16,"['치킨핑거*요거트D', '떡볶이', '냉모밀국수', '유부초밥', '포기김치', '스틱단무지']"
91,2016-06-17,"['치커리유자무침', '잡곡밥', '소고기미역국', '유산슬', '해물가스*탈탈소스', '포기김치', '쌀밥']"
92,2016-06-20,"['쇠불고기', '부추생채', '잡곡밥', '호박잎찌개', '두부계란부침', '포기김치', '쌀밥']"
93,2016-06-21,"['맑은국', '단무지', '콘샐러드', '비빔국수', '찐햇감자', '포기김치', '김밥']"
94,2016-06-22,"['잡곡밥', '연근땅콩조림', '닭곰탕', '브로컬리초장', '포기김치', '찹쌀순대볶음', '쌀밥']"
95,2016-06-23,"['작은밥', '양송이스프', '맑은국', '깍두기', '쇠고기퀘사디아', '음료', '오이피클', '토마토스파게티']"
96,2016-06-24,"['버섯메밀전', '순두부찌개', '잡곡밥', '해물누룽지탕', '미역줄기', '포기김치', '쌀밥']"
97,2016-06-27,"['주꾸미초무침', '깍두기', '잡곡밥', '파래김*양념장', '모둠장조림', '김치찌개', '쌀밥']"
98,2016-06-28,"['짜장소스', '탕수만두', '계란국', '단무지', '볶음밥', '슈크림', '포기김치', '멕시칸샐러드']"
99,2016-06-29,"['비엔나컬리플라워볶음', '청국장찌개', '잡곡밥', '아귀콩나물찜', '포기김치', '우엉조림', '쌀밥']"
100,2016-06-30,"['김치말이국수', '토마토', '알타리김치', '주먹밥', '견과류조림', '감자버터구이']"
101,2016-07-01,"['차돌박이된장찌개', '잡곡밥', '옥수수전', '깐풍기', '도토리묵무침', '포기김치', '쌀밥']"
102,2016-07-04,"['궁중떡찜', '열무된장국', '잡곡밥', '닭볶음탕', '참나물', '포기김치', '쌀밥']"
103,2016-07-05,"['또띠아칩', '맑은국', '굴소스파인볶음밥', '쫄면무침', '단무지', '탕수어', '포기김치']"
104,2016-07-06,"['잡곡밥', '오징어볶음', '청경채겉절이', '새우까스*탈탈소스', '포기김치', '쌀밥', '시금치국']"
105,2016-07-07,"['깍두기', '단호박스프', '잡곡밥', '음료', '양배추피클', '옥수수감자범벅', '함박스테이크', '쌀밥']"
106,2016-07-08,"['김구이', '동그랑땡전', '알탕', '잡곡밥', '고추잡채*꽃빵', '포기김치', '쌀밥']"
107,2016-07-11,"['잡곡밥', '고기전', '가자미튀김', '부대찌개', '포기김치', '오이지', '쌀밥']"
108,2016-07-12,"['단무지무침', '수제핫도그', '볶음밥', '쌀국수', '홍시드레싱샐러드', '포기김치']"
109,2016-07-13,"['쇠고기샤브국', '잡곡밥', '베이컨계란말이', '황태양념구이', '포기김치', '콩나물무침', '쌀밥']"
110,2016-07-14,"['무초절임', '멸치주먹밥', '찐옥수수', '과일샐러드', '포기김치', '물냉면']"
111,2016-07-15,"['어묵볶음', '오징어국', '아삭고추무침', '잡곡밥', '쇠고기장조림', '포기김치', '쌀밥']"
112,2016-07-18,"['온두부', '고등어카레구이', '잡곡밥', '비엔나감자볶음', '김치볶음', '느타리버섯국', '쌀밥']"
113,2016-07-19,"['콩나물밥', '실곤약초무침', '맑은국', '참외', '츄러스', '포기김치', '너비아니*부추생채']"
114,2016-07-20,"['치킨핑거', '버섯메밀전', '가지나물', '잡곡밥', '포기김치', '동태찌개', '쌀밥']"
115,2016-07-21,"['볶음밥*자장소스', '크랜베리단호박샐러드', '유산슬', '단무지', '계란파국', '포기김치']"
116,2016-07-22,"['열무김치', '잡곡밥', '옥수수전', '돈육김치찌개', '깐풍기', '콩나물무침', '쌀밥']"
117,2016-07-25,"['메밀비빔국수', '잡곡밥', '돈까스', '꽈리고추어묵조림', '포기김치', '쌀밥', '콩가루배추국']"
118,2016-07-26,"['알타리김치', '오징어무침', '타코야끼', '충무김밥', '열대과일샐러드', '잔치국수']"
119,2016-07-27,"['모둠버섯볶음', '열무김치', '잡곡밥', '닭볶음탕', '쌀밥', '치커리사과무침', '어묵국']"
120,2016-07-28,"['맑은국', '연두부*양념', '음료', '카레라이스', '핫도그', '포기김치', '순대야채볶음']"
121,2016-07-29,"['아욱국', '해물파전', '잡곡밥', '등뼈묵은지찜', '포기김치', '쑥갓두부무침', '쌀밥']"
122,2016-08-01,"['양배추쌈*쌈장', '콩나물국', '잡곡밥', '날치알계란찜', '소불고기', '포기김치', '쌀밥']"
123,2016-08-02,"['가자미찜', '머위대나물', '알타리김치', '짬뽕수제비국', '잡곡밥', '모둠장조림', '쌀밥']"
124,2016-08-03,"['참외', '주먹밥', '냉모밀국수', '단무지', '소고기퀘사디아', '포기김치', '락교']"
125,2016-08-04,"['오므라이스', '양장피잡채', '떡볶이', '가쯔오장국', '무피클', '포기김치']"
126,2016-08-05,"['잡곡밥', '두부구이*양념장', '청경채겉절이', '쇠고기무국', '쭈꾸미볶음', '포기김치', '쌀밥']"
127,2016-08-08,"['탕평채', '잡곡밥', '찜닭', '부추무침', '북어국', '포기김치', '쌀밥']"
128,2016-08-09,"['작은밥', '열무김치', '찐감자', '오복지', '수박', '콩국수', '멕시칸샐러드']"
129,2016-08-10,"['단배추나물', '잡곡밥', '옥수수전', '해물청경채볶음', '닭개장', '포기김치', '쌀밥']"
130,2016-08-11,"['크림스프', '치킨텐더', '음료', '수제피클', '마늘바게뜨', '볶음밥', '포기김치', '스파게티']"
131,2016-08-12,"['알타리김치', '모듬소세지구이', '삼치된장구이', '잡곡밥', '숙주나물', '김치찌개', '쌀밥']"
132,2016-08-16,"['미소장국', '김밥볶음밥', '주스', '찐옥수수', '과일샐러드', '포기김치', '비빔야채만두']"
133,2016-08-17,"['돈육굴소스볶음', '무말랭이무침', '열무김치', '잡곡밥', '날치알계란찜', '쌀밥', '콩비지찌개']"
134,2016-08-18,"['왕새우튀김', '유부초밥', '단무지', '포도', '김치우동', '포기김치']"
135,2016-08-19,"['감자카레볶음', '된장찌개', '훈제오리', '잡곡밥', '무쌈', '가지나물', '양파절임', '포기김치', '쌀밥']"
136,2016-08-22,"['잡곡밥', '돈육볶음', '볼어묵조림', '양배추쌈', '무채국', '포기김치', '쌀밥']"
137,2016-08-23,"['허니버터옥수수', '유부장국', '닭가슴살장조림', '단무지무침', '음료', '김치볶음밥', '포기김치']"
138,2016-08-24,"['알타리김치', '해파리냉채', '등갈비김치찜', '감자국', '잡곡밥', '잔멸치볶음', '쌀밥']"
139,2016-08-25,"['작은밥', '열무김치', '마늘쫑무침', '단호박조림', '춘권', '콩국수']"
140,2016-08-26,"['잡곡밥', '메밀전병만두', '콩나물냉국', '미역레몬초무침', '주꾸미볶음', '포기김치', '쌀밥']"
141,2016-08-29,"['잡곡밥', '새송이버섯전', '도라지오이생채', '차돌박이찌개', '포기김치', '닭갈비', '쌀밥']"
142,2016-08-30,"['쫄면', '맑은국', '망고드레싱샐러드', '수제고로케*케찹', '굴소스해물볶음밥', '비트무절임', '포기김치']"
143,2016-08-31,"['청국장찌개', '해초무침', '잡곡밥', '깐풍육', '황태양념구이', '포기김치', '쌀밥']"
144,2016-09-01,"['절인고추', '스프', '고구마치즈구이', '참치주먹밥', '로제파스타', '요플레', '포기김치', '오이피클']"
145,2016-09-02,"['알타리김치', '알탕', '새싹두부구이', '잡곡밥', '노각무침', '돈육장조림', '쌀밥']"
146,2016-09-05,"['호박나물', '잡곡밥', '제육볶음', '포기김치', '쌀밥', '실곤약흑임자무침', '어묵국']"
147,2016-09-06,"['짜장소스', '유부장국', '단무지', '볶음밥', '포기김치', '찹쌀도너츠', '멕시칸샐러드']"
148,2016-09-07,"['열무김치', '잡곡밥', '얼갈이된장국', '김치녹두전', '닭오븐구이', '셀프무쌈말이', '쌀밥']"
149,2016-09-08,"['꽃맛살샐러드', '새우까스*타르타르', '오복지', '잔치국수', '포기김치', '김밥']"
150,2016-09-09,"['미트볼케찹조림', '양념깻잎지', '잡곡밥', '자반고등어구이', '쇠고기미역국', '포기김치', '쌀밥']"
151,2016-09-12,"['단무지무침', '미니햄버거', '요플레', '볶음밥', '쌀국수', '포기김치']"
152,2016-09-13,"['참치김치찌개', '치커리유자무침', '열무김치', '모듬묵*양념장', '잡곡밥', '주꾸미볶음', '쌀밥']"
153,2016-09-19,"['깍두기', '탕평채', '잡곡밥', '수제비국', '치커리사과무침', '쌀밥']"
154,2016-09-20,"['콩나물밥', '맑은국', '장어강정', '마늘쫑볶음', '포도주스', '포기김치']"
155,2016-09-21,"['고추장찌개', '해물파전', '잡곡밥', '오이맛살초무침', '쇠고기모둠장조림', '포기김치', '쌀밥']"
156,2016-09-22,"['꼬지어묵우동', '유부초밥', '단무지', '맛탕', '포기김치', '모듬떡볶이']"
157,2016-09-23,"['콩나물국', '잡곡밥', '수제돈까스', '콘샐러드', '통도라지구이', '포기김치', '미역무침', '쌀밥']"
158,2016-09-26,"['잡곡밥', '청경채생채', '두부계란부침', '갈치조림', '포기김치', '무채맑은국', '쌀밥']"
159,2016-09-27,"['미소장국', '또띠아칩', '쇠고기숙주규동덮밥', '배추겉절이', '무피클', '탕수어']"
160,2016-09-28,"['홍어채무침', '유채나물', '조갯살미역국', '잡곡밥', '포기김치', '미니채소떡갈비', '쌀밥']"
161,2016-09-29,"['석박지', '오징어무침', '충무김밥', '단무지', '군고구마', '잔치국수']"
162,2016-09-30,"['매운어묵볶음', '근대된장국', '잡곡밥', '돈육강정', '계란찜', '포기김치', '쌀밥']"
163,2016-10-04,"['해파리냉채', '잡곡밥', '닭볶음', '상추치커리무침', '포기김치', '쌀밥', '콩비지찌개']"
164,2016-10-05,"['실곤약초무침', '미니함박조림', '취나물', '순두부찌개', '잡곡밥', '포기김치', '쌀밥']"
165,2016-10-06,"['작은밥', '군만두', '짬뽕', '단무지', '과일샐러드', '포기김치']"
166,2016-10-07,"['알타리김치', '육개장', '코다리엿장조림', '아삭고추무침', '잡곡밥', '옥수수전', '쌀밥']"
167,2016-10-10,"['삼치조림', '돈육굴소스볶음', '콩나물국', '잡곡밥', '상추초무침', '포기김치', '쌀밥']"
168,2016-10-11,"['미소장국', '옥수수맛탕', '궁중떡볶음', '김치볶음밥', '무피클', '포기김치']"
169,2016-10-12,"['황태국', '도라지초무침', '잡곡밥', '닭오븐구이', '비엔나감자볶음', '포기김치', '쌀밥']"
170,2016-10-13,"['어묵우동', '통새우김밥', '단무지무침', '요플레', '포기김치', '찹쌀순대볶음']"
171,2016-10-14,"['알타리김치', '양념깻잎지', '잡곡밥', '두부새싹구이', '부대찌개', '탕수어', '쌀밥']"
172,2016-10-17,"['잡곡밥', '닭매운찜', '해물된장찌개', '고기전', '참나물땅콩무침', '포기김치', '쌀밥']"
173,2016-10-18,"['꽃맛살샐러드', '개성감자만두', '음료', '참치주먹밥', '나가사키면&김', '포기김치']"
174,2016-10-19,"['돼지갈비찜', '잡곡밥', '콩자반', '오징어&브로컬리숙회', '포기김치', '쌀밥', '어묵국']"
175,2016-10-20,"['옛날왕돈까스', '옥수수스프', '감자치즈오븐구이', '포기김치', '오이피클', '샐러드파스타']"
176,2016-10-21,"['두부양념조림', '잡곡밥', '파래김*장', '해물청경채볶음', '닭개장', '포기김치', '쌀밥']"
177,2016-10-24,"['유채나물', '닭강정', '해파리냉채', '잡곡밥', '북어계란국', '포기김치', '쌀밥']"
178,2016-10-25,"['오므라이스', '메추리알조림', '가쯔오장국', '고구마맛탕', '훈제오리냉채', '포기김치', '오렌지']"
179,2016-10-26,"['가자미찜', '취나물', '쇠고기샤브국', '잡곡밥', '진미채무침', '포기김치', '쌀밥']"
180,2016-10-27,"['핫도그&케찹', '잡곡밥', '유산슬', '배추겉절이', '바지락수제비', '멕시칸샐러드', '쌀밥']"
181,2016-10-28,"['마파두부', '떡갈비조림', '오징어국', '잡곡밥', '비트무생채', '포기김치', '쌀밥']"
182,2016-10-31,"['잡곡밥', '참나물', '삼치구이', '부대찌개', '포기김치', '돈육잡채', '쌀밥']"
183,2016-11-01,"['해물짬뽕', '군만두', '짜장덮밥', '단무지', '과일샐러드', '포기김치']"
184,2016-11-02,"['알타리김치', '청국장찌개', '동파삼겹수육', '잡곡밥', '마늘쫑볶음', '얼갈이겉절이', '쌀밥']"
185,2016-11-03,"['미소장국', '새우또띠아', '음료', '콘샐러드', '참치회덮밥', '포기김치', '락교']"
186,2016-11-04,"['돈육굴소스볶음', '순두부찌개', '잡곡밥', '황태양념구이', '숙주나물', '포기김치', '쌀밥']"
187,2016-11-07,"['실곤약초무침', '깍두기', '잡곡밥', '목살김치찌개', '비엔나감자볶음', '가자미튀김', '쌀밥']"
188,2016-11-08,"['꽃맛살샐러드', '맑은국', '언양식불고기', '낙지볶음덮밥', '군고구마', '포기김치']"
189,2016-11-09,"['석박지', '잡곡밥', '두부양념찜', '고등어양념구이', '뼈해장국', '숙주나물', '쌀밥']"
190,2016-11-10,"['계란국', '음료', '단무지', '해물볶음우동', '포기김치', '비빔야채만두', '김밥']"
191,2016-11-11,"['미트볼떡조림', '단배추나물', '잡곡밥', '닭곰탕', '도토리묵무침', '포기김치', '쌀밥']"
192,2016-11-14,"['알타리김치', '매운돼지갈비찜', '메추리알곤약조림', '아삭고추무침', '콩나물국', '잡곡밥', '쌀밥']"
193,2016-11-15,"['미소장국', '미니햄버거', '주스', '굴소스해물볶음밥', '배추겉절이', '쫄면야채무침', '수제오이피클']"
194,2016-11-16,"['잡곡밥', '수제돈까스', '통도라지구이', '시금치나물', '포기김치', '동태찌개', '쌀밥']"
195,2016-11-17,"['떡볶이', '생선초밥', '우동', '포기김치', '락교', '하와이안샐러드']"
196,2016-11-18,"['김구이', '육개장', '잡곡밥', '해파리겨자채', '탕수어', '포기김치', '쌀밥']"
197,2016-11-21,"['황태국', '등갈비김치찜', '깍두기', '궁중떡볶음', '잡곡밥', '가지나물', '쌀밥']"
198,2016-11-22,"['마늘쫑장아찌', '팽이장국', '후난식볶음밥', '새우까스*탈탈소스', '포기김치', '찹쌀순대볶음']"
199,2016-11-23,"['상추겉절이', '잡곡밥', '소고기미역국', '고기전', '쭈꾸미볶음', '포기김치', '쌀밥']"
200,2016-11-24,"['또띠아피자', '브로컬리꽃맛살샐러드', '멸치주먹밥', '무피클', '잔치국수', '포기김치']"
201,2016-11-25,"['취나물', '요구르트', '장어강정', '된장찌개', '잡곡밥', '옥수수전', '포기김치', '쌀밥']"
202,2016-11-28,"['닭강정', '시금치된장국', '꽁치한마리구이', '잡곡밥', '겨울초겉절이', '포기김치', '쌀밥']"
203,2016-11-29,"['짬뽕', '참치주먹밥', '푸딩', '야채튀김', '홍시드레싱샐러드', '포기김치']"
204,2016-11-30,['없음']
205,2016-12-01,"['미소장국', '수제고로케*케찹', '단무지', '갈비만두', '김치볶음밥', '봄동겉절이']"
206,2016-12-02,"['미니함박조림', '오징어국', '오이사과생채', '연두부*양념장', '잡곡밥', '포기김치', '쌀밥']"
207,2016-12-05,"['포기김치', '코다리엿장조림', '잡곡밥', '매운감자국', '치커리단감무침', '쌀밥', '소고기숙주볶음']"
208,2016-12-06,"['음료', '유부초밥', '오이양배추피클', '단호박조림', '핫도그', '쌀국수', '포기김치']"
209,2016-12-07,"['취나물', '잡곡밥', '유린기', '잔멸치볶음', '부대찌개', '포기김치', '쌀밥']"
210,2016-12-08,"['단무지무침', '계란국', '해물볶음우동', '과일샐러드', '포기김치', '김밥']"
211,2016-12-09,"['모듬묵*양념장', '잡곡밥', '열무된장나물', '주꾸미볶음', '쇠고기무국', '포기김치', '쌀밥']"
212,2016-12-12,"['대구지리', '동그랑땡전', '잡곡밥', '유산슬', '도토리묵무침', '포기김치', '쌀밥']"
213,2016-12-13,"['양송이스프', '새우또띠아', '주먹밥', '음료', '포기김치', '오이피클', '토마토스파게티']"
214,2016-12-14,"['간장찜닭', '잡곡밥', '녹두전(김치)', '무생채', '포기김치', '매생이굴국', '쌀밥']"
215,2016-12-15,"['오므라이스', '해물떡볶이', '팽이장국', '식혜', '호빵', '봄동겉절이', '포기김치']"
216,2016-12-16,"['등갈비김치찜', '석박지', '들깨버섯무침', '잡곡밥', '숙주나물', '미역국', '쌀밥']"
217,2016-12-19,"['육개장', '호박나물', '잡곡밥', '쫄면야채무침', '탕수어', '포기김치', '쌀밥']"
218,2016-12-20,"['석박지', '오징어무침', '충무김밥', '고구마치즈구이', '잔치국수', '스틱단무지']"
219,2016-12-21,"['도라지초무침', '알탕', '해물파전', '잡곡밥', '돈육장조림', '포기김치', '쌀밥']"
220,2016-12-22,"['작은밥', '메추리알조림', '배추겉절이', '바지락수제비', '사천식탕수육', '귤']"
221,2016-12-23,"['알타리김치', '고등어카레구이', '궁중떡볶음', '잡곡밥', '참나물', '돈육김치찌개', '쌀밥']"
222,2016-12-26,"['청국장찌개', '가자미양념찜', '김구이', '깍두기', '잡곡밥', '훈제오리냉채', '쌀밥']"
223,2016-12-27,"['피클', '아이스슈', '맑은국', '돈육강정', '흑임자시금치샐러드', '포기김치', '해물굴소스볶음밥']"
224,2016-12-28,['없음']
225,2016-12-29,"['알타리김치', '쇠고기퀘사디아', '*발사믹소스', '참치주먹밥', '구운채소', '김치우동', '과일']"
226,2016-12-30,"['잡곡밥', '닭볶음탕', '마늘쫑건새우볶음', '봄동된장국', '꼬막찜', '포기김치', '쌀밥']"
227,2017-01-02,"['시래기조림', '매운오징어국', '잡곡밥', '목살간장조림', '두부부침', '포기김치', '쌀밥']"
228,2017-01-03,"['유부주머니국', '수제고로케', '참치회덮밥', '피크닉', '포기김치', '멕시칸샐러드']"
229,2017-01-04,"['감자찌개', '잡곡밥', '닭데리야끼구이', '김가루잔파무침', '새송이버섯볶음', '포기김치', '쌀밥']"
230,2017-01-05,"['팽이장국', '마파두부덮밥', '류산슬', '조각티라미수', '포기김치', '비빔야채만두']"
231,2017-01-06,"['등갈비묵은지찜', '모듬소세지구이', '깍두기', '잡곡밥', '들깨무채국', '청포묵무침', '쌀밥']"
232,2017-01-09,"['치킨무', '김자반', '잡곡밥', '양파치킨', '도토리묵무침', '포기김치', '쌀밥', '콩비지찌개']"
233,2017-01-10,"['피클', '가쯔오국', '애플망고두유', '딸기드레싱샐러드', '로제스파게티', '김치참치주먹밥', '포기김치']"
234,2017-01-11,"['간장깻잎지', '잡곡밥', '메밀전병만두', '해물된장찌개', '제육볶음', '포기김치', '쌀밥']"
235,2017-01-12,"['해파리냉채', '삼치된장구이', '아삭고추무침', '잡곡밥', '포기김치', '뼈감자탕', '쌀밥']"
236,2017-01-13,"['애호박나물', '소고기장조림', '시래기국', '잡곡밥', '김치전', '포기김치', '쌀밥']"
237,2017-01-16,"['매운돼지갈비찜', '감자국', '잡곡밥', '크랜베리멸치볶음', '오이생채', '포기김치', '쌀밥']"
238,2017-01-17,"['닭강정', '맑은국', '후난식볶음밥', '고구마그라탕', '포기김치', '조각사과']"
239,2017-01-18,"['쇠고기샤브국', '견과류조림', '잡곡밥', '쫄면무침', '갈치양념조림', '포기김치', '쌀밥']"
240,2017-01-19,"['단무지무침', '새우튀김우동', '펜네베이컨샐러드', '음료', '포기김치', '김밥']"
241,2017-01-20,"['부추호박전', '깍두기', '도라지나물', '잡곡밥', '해물청경채볶음', '부대찌개', '쌀밥']"
242,2017-01-23,"['버섯탕수', '세발나물무침', '꽁치한마리구이', '잡곡밥', '쇠고기매운국', '포기김치', '쌀밥']"
243,2017-01-24,"['쇠고기퀘사디아', '멸치주먹밥', '시금치흑임자샐러드', '무피클', '잔치국수', '포기김치']"
244,2017-01-25,['없음']
245,2017-01-26,"['메추리알곤약조림', '시래기들깨탕', '돈육강정', '잡곡밥', '물파래무침', '포기김치', '쌀밥']"
246,2017-01-31,"['해물까스*탈탈소스', '꼬지어묵우동', '내사랑포도', '피클', '콘샐러드', '김치볶음밥', '포기김치']"
247,2017-02-01,"['장어강정', '잡곡밥', '차돌박이찌개', '통도라지구이', '어묵꽈리고추볶음', '포기김치', '쌀밥']"
248,2017-02-02,"['단무지무침', '메쉬드포테이토', '장국', '쇠고기덮밥', '야채튀김', '포기김치']"
249,2017-02-03,"['깍두기', '동그랑땡전', '잡곡밥', '고등어김치말이', '미역줄기볶음', '쌀밥', '소고기무국']"
250,2017-02-06,"['모듬소세지구이', '잡곡밥', '사골우거지국', '탕수어', '포기김치', '청경채무침', '쌀밥']"
251,2017-02-07,"['돈육굴소스볶음', '깍두기', '해물파전', '순두부찌개', '잡곡밥', '시금치나물', '귤', '쌀밥']"
252,2017-02-08,"['열무된장국', '잡곡밥', '쫑상추무침', '두부찜', '김치볶음', '삼겹살구이', '쌀밥']"
253,2017-02-09,"['유부초밥', '푸실리샐러드', '바나나', '순대오징어볶음', '쌀국수', '포기김치']"
254,2017-02-10,"['감자채볶음', '청국장찌개', '미니함박조림', '잡곡밥', '포기김치', '콩나물무침', '쌀밥']"
255,2017-02-13,"['고등어구이', '잡곡밥', '비엔나감자볶음', '부대찌개', '물파래무침', '포기김치', '쌀밥']"
256,2017-02-14,"['맑은국', '짜장덮밥', '음료', '단무지', '사천식탕수육', '과일샐러드', '포기김치']"
257,2017-02-15,"['오징어국', '잡곡밥', '황태양념구이', '돈육장조림', '시금치나물', '포기김치', '쌀밥']"
258,2017-02-16,"['오므라이스', '알타리김치', '떡볶이', '치킨텐더', '가쯔오장국', '오렌지']"
259,2017-02-17,"['세발나물', '잡곡밥', '계란말이', '고추잡채*꽃빵', '포기김치', '쌀밥', '콩비지찌개']"
260,2017-02-20,"['콩나물냉채', '간장찜닭', '잡곡밥', '얼갈이된장국', '호박반달나물', '포기김치', '쌀밥']"
261,2017-02-21,"['꽃맛살샐러드', '날치알김치볶음밥', '미역장국', '쇠고기퀘사디아', '음료', '포기김치']"
262,2017-02-22,['없음']
263,2017-02-23,"['석박지', '참치주먹밥', '김치우동', '케이준샐러드', '오이피클', '단호박범벅']"
264,2017-02-24,"['가자미양념찜', '쇠고기샤브국', '잡곡밥', '고기전', '청경채사과무침', '포기김치', '쌀밥']"
265,2017-02-27,"['황태국', '풋마늘대무침', '연두부*양념장', '잡곡밥', '짬뽕불고기', '포기김치', '쌀밥']"
266,2017-02-28,"['옥수수맛탕', '꼬치어묵탕', '쫄면야채무침', '포기김치', '하와이안샐러드', '김밥']"
267,2017-03-02,"['후난식볶음밥', '새우또띠아', '견과류조림', '음료', '잔치국수', '포기김치', '오렌지']"
268,2017-03-03,"['소고기모듬장조림', '양념깻잎지', '잡곡밥', '해물된장찌개', '비엔나케찹볶음', '포기김치', '쌀밥']"
269,2017-03-06,"['홍어채무침', '쇠불고기', '깍두기', '모듬묵*양념장', '잡곡밥', '김치두부국', '쌀밥']"
270,2017-03-07,"['수제고로케', '맑은국', '참치야채비빔밥', '딸기생크림와플', '음료', '포기김치', '락교']"
271,2017-03-08,"['잡곡밥', '코다리강정', '배추겉절이', '차돌박이찌개', '무생채', '돈육잡채', '쌀밥']"
272,2017-03-09,"['김밥볶음밥', '팽이장국', '봄나물튀김', '볶음우동', '포기김치', '스틱단무지']"
273,2017-03-10,"['궁중떡찜', '잡곡밥', '양배추쌈', '제육볶음(빨갛게)', '포기김치', '미역국', '쌀밥']"
274,2017-03-13,"['육개장', '잡곡밥', '모듬소시지구이', '셀프무쌈말이', '갈치조림', '포기김치', '쌀밥']"
275,2017-03-14,"['콩나물밥', '치커리유자무침', '메추리알조림', '가쯔오장국', '주꾸미볶음', '포기김치']"
276,2017-03-15,"['등갈비김치찜', '취나물', '깍두기', '새싹두부구이', '잡곡밥', '북어계란국', '쌀밥']"
277,2017-03-16,"['김치말이국수', '꽃맛살샐러드', '꼬들단무지', '훈제오리냉채', '멸치주먹밥', '포기김치']"
278,2017-03-17,"['마파두부', '미니함박조림', '열무된장국', '잡곡밥', '포기김치', '청경채무침', '쌀밥']"
279,2017-03-20,"['브로컬리오징어숙회', '누룽지탕수육', '잡곡밥', '매운버섯국', '비트무생채', '포기김치', '쌀밥']"
280,2017-03-21,"['미소장국', '크림새우', '로제파스타', '마늘빵', '베이컨김치볶음밥', '포기김치', '오이피클']"
281,2017-03-22,['없음']
282,2017-03-23,"['통새우김밥', '단무지무침', '짬뽕', '고구마치즈구이', '콘샐러드', '포기김치']"
283,2017-03-24,"['닭강정', '카레감자채볶음', '잡곡밥', '연두부탕', '포기김치', '치커리사과무침', '쌀밥']"
284,2017-03-27,"['고등어구이', '해파리냉채', '깍두기', '잡곡밥', '취나물된장무침', '부대찌개', '쌀밥']"
285,2017-03-28,"['맑은국', '음료', '해물볶음밥', '고구마튀김', '포기김치', '멕시칸샐러드', '비빔메밀국수']"
286,2017-03-29,"['잡곡밥', '돈까스', '꽈리고추어묵조림', '영양부추무침', '포기김치', '우거지탕', '쌀밥']"
287,2017-03-30,"['유부우동', '핫도그&케찹', '석박지', '충무김밥', '오징어무침', '오렌지']"
288,2017-03-31,"['궁중떡볶음', '잡곡밥', '동태콩나물찜', '봄동된장국', '우엉조림', '포기김치', '쌀밥']"
289,2017-04-03,"['아삭고추무침', '잡곡밥', '고기전', '가자미카레튀김', '포기김치', '쌀밥', '콩비지찌개']"
290,2017-04-04,"['참치주먹밥', '오징어순대볶음', '시금치흑임자샐러드', '무피클', '쌀국수', '포기김치']"
291,2017-04-05,"['미역장국', '유자청돈육볶음', '모듬쌈', '잡곡밥', '두부계란부침', '포기김치', '쌀밥']"
292,2017-04-06,"['유부주머니국', '열무김치', '펜네베이컨샐러드', '쇠고기퀘사디아', '계란', '오복지무침', '김치볶음밥']"
293,2017-04-07,"['깻잎찜', '잡곡밥', '매운어묵국', '비엔나감자볶음', '순살닭갈비', '포기김치', '쌀밥']"
294,2017-04-10,"['해초무침', '잡곡밥', '해물김치전', '치즈시즈닝치킨', '무채국', '포기김치', '쌀밥']"
295,2017-04-11,"['미소장국', '땅콩조림', '피클', '블루베리드레싱샐러드', '잡곡밥', '카레돈까스정식', '포기김치', '쌀밥']"
296,2017-04-12,"['치커리무침', '순두부찌개', '잡곡밥', '메밀전병만두', '삼치구이', '포기김치', '과일', '쌀밥']"
297,2017-04-13,"['오이생채', '시리얼과일샐러드', '음료', '유부초밥', '수제핫도그', '잔치국수', '포기김치']"
298,2017-04-14,"['청국장찌개', '깍두기', '잡곡밥', '황태양념구이', '돈육장조림', '미역줄기볶음', '쌀밥']"
299,2017-04-17,"['동그랑땡계란부침', '잡곡밥', '고등어조림', '하루나무침', '쇠고기무국', '포기김치', '쌀밥']"
300,2017-04-18,"['치킨핑거*요거트D', '또띠아칩', '방울토마토', '야채볶음밥', '단무지', '나가사끼짬뽕', '포기김치']"
301,2017-04-19,"['석박지', '양배추쌈*쌈장', '잡곡밥', '햄감자채볶음', '닭개장', '갈치구이', '쌀밥']"
302,2017-04-20,"['오므라이스', '떡볶이', '가쯔오장국', '고구마치즈구이', '포기김치', '오렌지']"
303,2017-04-21,"['열무된장국', '연두부*양념장', '잡곡밥', '돈육강정', '참나물땅콩무침', '포기김치', '쌀밥']"
304,2017-04-24,"['쇠고기숙주볶음', '오징어국', '오이미역무침', '잡곡밥', '두부오꼬노미야끼', '포기김치', '쌀밥']"
305,2017-04-25,"['꽃맛살샐러드', '양송이스프', '멸치주먹밥', '바나나', '무피클', '포기김치', '토마토스파게티']"
306,2017-04-26,['없음']
307,2017-04-27,"['크림카레우동', '왕만두', '키위드레싱샐러드', '닭갈비볶음밥', '포기김치', '어묵국']"
308,2017-04-28,"['치커리무침', '모듬소세지구이', '잡곡밥', '주꾸미떡볶음', '얼갈이된장국', '포기김치', '쌀밥']"
309,2017-05-02,"['돈육굴소스볶음', '순두부찌개', '잡곡밥', '계란찜', '쫑상추무침', '포기김치', '쌀밥']"
310,2017-05-04,"['유부주머니국', '오렌지주스', '미니버거', '야채비빔만두', '야채볶음밥', '포기김치', '스틱단무지']"
311,2017-05-08,"['육개장', '열무김치', '잡곡밥', '도라지생채', '꽃맛살볶음', '쌀밥', '꽁치오븐구이']"
312,2017-05-10,"['잡곡밥', '해물김치전', '닭오븐구이', '취나물된장무침', '연두부탕', '포기김치', '쌀밥']"
313,2017-05-11,"['짜장소스', '맑은국', '망고드레싱샐러드', '단무지', '볶음밥', '사천식탕수육', '포기김치']"
314,2017-05-12,"['돼지갈비찜', '청국장찌개', '잡곡밥', '방풍나물', '계란말이', '포기김치', '쌀밥']"
315,2017-05-15,"['잡곡밥', '연근땅콩조림', '셀프무쌈말이', '닭개장', '가자미카레튀김', '포기김치', '쌀밥']"
316,2017-05-16,"['꼬마김밥*겨자장', '감자만두', '잔치국수', '포기김치', '오이피클', '멕시칸샐러드']"
317,2017-05-17,"['비엔나컬리플라워볶음', '잡곡밥', '얼갈이나물', '갈치양념조림', '차돌박이찌개', '포기김치', '쌀밥']"
318,2017-05-18,"['고구마범벅', '잡곡밥', '음료', '양배추샐러드', '옛날돈가스', '옥수수스프', '포기김치', '쌀밥']"
319,2017-05-19,"['쇠고기숙주볶음', '열무김치', '잡곡밥', '배추된장국', '무생채', '청포묵무침', '쌀밥']"
320,2017-05-22,"['잡곡밥', '코다리조림', '오이무침', '바나나', '연두부찌개', '포기김치', '순대야채볶음', '쌀밥']"
321,2017-05-23,"['아이스슈', '짬뽕', '단무지', '볶음밥', '탕수육', '포기김치']"
322,2017-05-24,"['가지나물', '잡곡밥', '모둠장조림', '해라피겨자채', '꽃게탕', '포기김치', '쌀밥']"
323,2017-05-25,"['수제고로케', '유부장국', '마파두부덮밥', '쨔샤이무침', '생과일플레인샐러드', '포기김치']"
324,2017-05-26,"['해물까스*칠리소스', '치즈닭갈비', '된장찌개', '잡곡밥', '깻잎양념찜', '포기김치', '쌀밥']"
325,2017-05-29,"['우거지해장국', '잡곡밥', '고기전', '임연수엿장조림', '두반장가지볶음', '포기김치', '쌀밥']"
326,2017-05-30,"['맑은국', '바나나와플', '단무지', '쫄면야채무침', '포기김치', '오징어튀김', '김밥']"
327,2017-05-31,['없음']
328,2017-06-01,"['피클', '단호박스프', '샐러드', '주먹밥', '음료', '마늘빵', '로제스파게티', '포기김치']"
329,2017-06-02,"['잡곡밥', '도라지채무침', '팝콘치킨*데리야끼소스', '두부새싹구이', '새알만두국', '포기김치', '쌀밥']"
330,2017-06-05,"['우엉잡채', '잡곡밥', '감자고추장찌개', '오이생채', '탕수어', '포기김치', '쌀밥']"
331,2017-06-07,"['돼지갈비찜', '오징어브로컬리', '취나물', '열무된장국', '잡곡밥', '*초장', '포기김치', '쌀밥']"
332,2017-06-08,"['옥수수샐러드', '김밥볶음밥', '냉모밀국수', '야채튀김', '포기김치', '조각사과']"
333,2017-06-09,"['가자미양념찜', '잡곡밥', '닭살겨자냉채', '쇠고기미역국', '시금치나물', '포기김치', '쌀밥']"
334,2017-06-12,"['된장찌개', '잡곡밥', '돈육강정', '옥수수전', '포기김치', '청경채무침', '쌀밥']"
335,2017-06-13,"['미소장국', '모둠과일', '고구마치즈구이', '참치회덮밥', '포기김치', '락교']"
336,2017-06-14,"['머위대나물', '미트볼케찹조림', '알탕', '잡곡밥', '잔멸치볶음', '포기김치', '쌀밥']"
337,2017-06-15,"['꽃맛살샐러드', '부추만두', '열무김치국수', '단무지', '볶음밥', '포기김치']"
338,2017-06-16,"['참치김치찌개', '깍두기', '가지나물', '잡곡밥', '올방개묵무침', '쇠고기장조림', '쌀밥']"
339,2017-06-19,"['매운어묵볶음', '참나물땅콩가루무침', '닭데리야끼조림', '감자국', '잡곡밥', '포기김치', '쌀밥']"
340,2017-06-20,"['미역장국', '핫도그&케찹', '석박지', '충무김밥', '오징어무침', '오렌지']"
341,2017-06-21,"['잡곡밥', '해물된장찌개', '황태양념구이', '고추잡채*꽃빵', '포기김치', '청포묵무침', '쌀밥']"
342,2017-06-22,"['소고기주먹밥', '또띠아피자', '흑임자샐러드', '피클', '쌀국수', '포기김치', '피크닉']"
343,2017-06-23,"['깍두기', '잡곡밥', '방풍나물', '탕수어', '두부카프레제', '쌀밥', '콩비지찌개']"
344,2017-06-26,"['오이지무침', '통도라지구이', '잡곡밥', '연두부찌개', '탕수육', '포기김치', '쌀밥']"
345,2017-06-27,"['작은밥', '모둠묵샐러드', '배추겉절이', '탄두리치킨', '수박', '콩국수']"
346,2017-06-28,['없음']
347,2017-06-29,"['빠에야', '해초무침', '올챙이만두국', '웨지감자', '포기김치', '하와이안샐러드']"
348,2017-06-30,"['청국장찌개', '치커리무침', '장어강정', '잡곡밥', '오꼬노미야끼계란말이', '포기김치', '쌀밥']"
349,2017-07-03,"['육개장', '고등어카레구이', '잡곡밥', '마늘쫑무침', '꽃맛살볶음', '포기김치', '쌀밥']"
350,2017-07-04,"['닭강정', '후난식볶음밥', '고구마그라탕', '가쯔오장국', '무피클', '포기김치']"
351,2017-07-05,"['대구찌개', '돈육굴소스볶음', '잡곡밥', '김치녹두전', '꽃상추무침', '포기김치', '쌀밥']"
352,2017-07-06,"['수제고로케', '찐옥수수', '키위드레싱샐러드', '잔치국수', '포기김치', '김밥']"
353,2017-07-07,"['해물까스*탈탈소스', '순두부찌개', '탕평채', '잡곡밥', '시금치나물', '포기김치', '쌀밥']"
354,2017-07-10,"['비름나물', '감자국', '잡곡밥', '건새우마늘쫑볶음', '사천식탕수육', '포기김치', '쌀밥']"
355,2017-07-11,"['오므라이스', '미소장국', '오렌지주스', '새우또띠아', '포기김치', '감자범벅']"
356,2017-07-12,"['잡곡밥', '노각무침', '모둠장조림', '해물된장찌개', '포기김치', '참치야채전', '쌀밥']"
357,2017-07-13,"['김치말이국수', '꽃맛살샐러드', '열무김치', '유부초밥', '풋고추튀김', '무초절이']"
358,2017-07-14,"['감자채볶음', '고추장찌개', '미니함박조림', '잡곡밥', '포기김치', '청경채무침', '쌀밥']"
359,2017-07-17,"['소고기장조림', '잡곡밥', '꽃게탕', '사과맛살초무침', '꽈리고추찜', '포기김치', '쌀밥']"
360,2017-07-18,"['단호박스프', '시리얼과일샐러드', '수제피클', '목살필라프', '포기김치', '토마토스파게티']"
361,2017-07-19,"['호박잎된장찌개', '언양식불고기', '잡곡밥', '코다리강정', '시금치나물', '포기김치', '쌀밥']"
362,2017-07-20,"['유부장국', '단무지', '카레라이스', '해물볶음우동', '매실쥬스', '찐햇감자', '포기김치']"
363,2017-07-21,"['육개장', '꽁치구이', '잡곡밥', '무생채', '포기김치', '궁중떡볶이', '쌀밥']"
364,2017-07-24,"['알타리김치', '간장깻잎지', '잡곡밥', '고등어조림', '고추잡채*꽃빵', '쌀밥', '콩가루배추국']"
365,2017-07-25,"['빠에야', '락교', '냉모밀국수', '포기김치', '비빔야채만두', '하와이안샐러드']"
366,2017-07-26,['없음']
367,2017-07-27,"['미역장국', '마파두부덮밥', '찐옥수수', '탕수육', '포기김치', '멕시칸샐러드']"
368,2017-07-28,"['생선까스*탈탈소스', '감자채볶음', '열무김치', '가지나물', '잡곡밥', '닭개장', '쌀밥']"
369,2017-07-31,"['돈육씨앗강정', '아욱국', '삼치된장구이', '잡곡밥', '포기김치', '청경채무침', '쌀밥']"
370,2017-08-01,"['김밥볶음밥', '훈제오리냉채', '잔치국수', '비트무피클', '포기김치', '감자범벅']"
371,2017-08-02,"['알타리김치', '견과류조림', '잡곡밥', '도토리묵무침', '탕수어', '느타리버섯국', '쌀밥']"
372,2017-08-03,"['콩나물밥', '부추생채', '가쯔오장국', '쇠고기장조림', '포기김치', '실곤약흑임자무침']"
373,2017-08-04,"['*천도복숭아', '치킨텐더', '잡곡밥', '차돌박이찌개', '꽃맛살볶음', '비름나물', '포기김치', '쌀밥']"
374,2017-08-07,"['등갈비김치찜', '열무김치', '잡곡밥', '메밀전병만두', '해파리겨자채', '근대국', '쌀밥']"
375,2017-08-08,"['가쯔오장국', '단무지', '야채튀김', '과일샐러드', '포기김치', '해물굴소스볶음밥', '비빔메밀국수']"
376,2017-08-09,"['석박지', '잡곡밥', '고등어조림', '계란말이', '건파래무침', '뼈해장국', '쌀밥']"
377,2017-08-10,"['떡볶이', '멸치주먹밥', '무초절이', '케이준샐러드', '포기김치', '물냉면']"
378,2017-08-11,"['오징어국', '잡곡밥', '모둠버섯구이', '깐풍기', '포기김치', '쑥갓두부무침', '쌀밥']"
379,2017-08-14,"['해물파전', '열무김치', '잡곡밥', '도라지생채', '양파치킨', '쌀밥', '콩가루배추국']"
380,2017-08-16,"['돼지갈비찜', '콩나물국', '잡곡밥', '풍기샐러드', '쫑상추무침', '포기김치', '쌀밥']"
381,2017-08-17,"['어묵우동', '미니햄버거', '배추겉절이', '요플레', '김치볶음밥', '단호박범벅']"
382,2017-08-18,"['유자청제육볶음', '잡곡밥', '해물순두부찌개', '숙주나물', '포기김치', '두부카프레제', '쌀밥']"
383,2017-08-21,"['참치김치찌개', '가지무침', '열무김치', '안동찜닭', '잡곡밥', '잡채', '쌀밥']"
384,2017-08-22,"['유부주머니국', '석박지', '충무김밥', '음료', '파스타샐러드', '핫도그', '오징어무침']"
385,2017-08-23,"['청국장찌개', '동그랑땡전', '부추생채', '잡곡밥', '돈육모듬장조림', '포기김치', '쌀밥']"
386,2017-08-24,"['콥샐러드', '열무김치', '타코야끼', '김치주먹밥', '콩국수', '오렌지']"
387,2017-08-25,"['생선까스*탈탈소스', '고추장찌개', '잡곡밥', '무나물', '닭살냉채', '포기김치', '쌀밥']"
388,2017-08-28,"['김구이', '열무김치', '잡곡밥', '고등어김치말이', '옥수수전', '닭곰탕', '쌀밥']"
389,2017-08-29,"['꽃맛살샐러드', '냉모밀국수', '깐풍육', '오복지', '유부초밥', '포기김치']"
390,2017-08-30,"['잡곡밥', '메밀전', '해물청경채볶음', '부대찌개', '포기김치', '청포묵무침', '쌀밥']"
391,2017-08-31,"['옛날돈까스', '브로컬리크림스프', '고구마범벅', '잡곡밥', '음료', '무피클', '키위드레싱샐러드', '포기김치', '쌀밥']"
392,2017-09-01,['없음']
393,2017-09-04,"['모듬소세지구이', '열무김치', '가지나물', '잡곡밥', '가자미튀김', '콩나물김치국', '쌀밥']"
394,2017-09-05,"['크림카레우동', '감자만두', '샐러드', '가쯔오장국', '*흑임자드레싱', '비트무생채', '닭갈비볶음밥', '포기김치']"
395,2017-09-06,"['홍어채무침', '돈육굴소스볶음', '양념깻잎지', '잡곡밥', '해물된장찌개', '포기김치', '쌀밥']"
396,2017-09-07,"['짜장소스', '맑은국', '*망고드레싱', '단무지', '볶음밥', '고추잡채*꽃빵', '포기김치', '컬리플라워샐러드']"
397,2017-09-08,"['알타리김치', '멸치아몬드볶음', '잡곡밥', '유린기', '쌀밥', '청경채무침', '콩비지찌개']"
398,2017-09-11,"['검정콩조림', '열무김치', '잡곡밥', '쫄면무침', '주꾸미굴소스볶음', '쌀밥', '소고기무국']"
399,2017-09-12,"['떡볶이', '음료', '단무지', '야채튀김', '잔치국수', '포기김치', '김밥']"
400,2017-09-13,"['돼지갈비찜', '볼어묵곤약볶음', '잡곡밥', '쑥갓두부무침', '포기김치', '미역국', '쌀밥']"
401,2017-09-14,"['빠에야', '쨔샤이무침', '고구마오븐구이', '쌀국수', '포기김치', '하와이안샐러드']"
402,2017-09-15,"['단배추나물', '된장찌개', '잡곡밥', '황태양념구이', '돈육간장강정', '포기김치', '쌀밥']"
403,2017-09-18,"['아욱국', '후르츠탕수육', '잡곡밥', '골뱅이무침&소면', '깻순나물', '포기김치', '쌀밥']"
404,2017-09-19,"['꽃맛살샐러드', '석박지', '충무김밥', '나가사끼짬뽕', '매실주스', '오징어초무침']"
405,2017-09-20,"['알타리김치', '실곤약초무침', '늙은호박전', '잡곡밥', '해물청경채볶음', '김치국', '쌀밥']"
406,2017-09-21,"['단무지무침', '치킨마요덮밥', '꼬지어묵탕', '수제칠리핫도그', '키위드레싱샐러드', '포기김치']"
407,2017-09-22,"['오징어젓무침', '깍두기', '과일', '잡곡밥', '야채스틱', '김치전', '쌀밥', '설렁탕']"
408,2017-09-25,"['감자채볶음', '깍두기', '가지나물', '잡곡밥', '갈치구이', '부대찌개*라면사리', '쌀밥']"
409,2017-09-26,"['알타리김치', '고구마범벅', '참치주먹밥', '양배추피클', '김치우동', '오징어튀김']"
410,2017-09-27,"['미니함박조림', '된장찌개', '잡곡밥', '계란말이', '비름나물', '포기김치', '쌀밥']"
411,2017-09-28,"['오므라이스', '무비트생채', '음료', '돈가스또띠아', '포기김치', '마제소바', '맑은장국']"
412,2017-09-29,['없음']
413,2017-10-10,"['돈육굴소스볶음', '잡곡밥', '쫄면무침', '시금치나물', '포기김치', '동태찌개', '쌀밥']"
414,2017-10-11,"['후난식볶음밥', '해초무침', '배추겉절이', '새우까스*탈탈소스', '잔치국수', '홍시드레싱샐러드']"
415,2017-10-12,"['순두부찌개', '잡곡밥', '비엔나감자구이', '포기김치', '쌀밥', '청경채무침', '소고기숙주볶음']"
416,2017-10-13,"['알타리김치', '등갈비김치찜', '과일', '세발나물', '잡곡밥', '옥수수전', '쌀밥', '어묵국']"
417,2017-10-16,"['열무김치', '콩나물국', '잡곡밥', '닭오븐구이', '녹두전', '청포묵무침', '쌀밥']"
418,2017-10-17,"['피클', '단호박스프', '로제스파게티', '웨지감자', '키위드레싱샐러드', '목살필라프', '포기김치']"
419,2017-10-18,"['동그랑땡전', '소고기모듬장조림', '아삭고추무침', '잡곡밥', '얼갈이된장국', '포기김치', '쌀밥']"
420,2017-10-19,"['수제고로케', '유부장국', '산채비빔밥', '오복지무침', '생과일플레인샐러드', '포기김치']"
421,2017-10-20,"['된장찌개', '잡곡밥', '코다리강정', '소세지볶음', '숙주나물', '포기김치', '쌀밥']"
422,2017-10-23,"['닭강정', '늙은호박전', '양배추쌈*쌈장', '잡곡밥', '수제비국', '포기김치', '쌀밥']"
423,2017-10-24,"['떡볶이', '고구마그라탕', '볶음밥*자장소스', '단무지', '계란파국', '포기김치']"
424,2017-10-25,['없음']
425,2017-10-26,"['김치국수', '꽃맛살샐러드', '깍두기', '부추생채', '멸치주먹밥', '소고기퀘사디아']"
426,2017-10-27,"['잡곡밥', '방풍나물', '닭살겨자냉채', '가자미카레튀김', '포기김치', '쌀밥', '콩비지찌개']"
427,2017-10-30,"['알타리김치', '꽁치구이', '잡곡밥', '돈육김치찌개', '고기전', '청경채무침', '쌀밥']"
428,2017-10-31,"['오므라이스', '해물까스*탈탈소스', '무비트생채', '가쯔오장국', '꽃맛살볶음', '포기김치']"
429,2017-11-01,"['해초무침', '꽈리고추어묵볶음', '순두부찌개', '잡곡밥', '깐풍기', '포기김치', '쌀밥']"
430,2017-11-02,"['통새우김밥', '딸기드레싱샐러드', '우동', '양배추피클', '포기김치', '찹쌀순대볶음']"
431,2017-11-03,"['미트볼케찹조림', '잡곡밥', '셀프무쌈말이', '닭개장', '참나물땅콩무침', '포기김치', '쌀밥']"
432,2017-11-06,"['소고기장조림', '잡곡밥', '영양부추생채', '비엔나케찹볶음', '포기김치', '쌀밥', '어묵국']"
433,2017-11-07,"['마늘쫑장아찌', '해물떡볶이', '유부초밥', '감자치즈오븐구이', '잔치국수', '포기김치']"
434,2017-11-08,"['쇠고기샤브국', '시래기지짐', '잡곡밥', '쫄면무침', '해물청경채볶음', '포기김치', '쌀밥']"
435,2017-11-09,"['유부장국', '조각사과', '동그랑땡전', '양배추샐러드', '포기김치', '낙지덮밥']"
436,2017-11-10,"['알타리김치', '가지나물', '잡곡밥', '임연수엿장조림', '쌀밥', '돈육잡채', '소고기무국']"
437,2017-11-13,"['포기김치', '부추생채', '훈제오리떡볶음', '잡곡밥', '무쌈', '연두부탕', '청포묵무침', '쌀밥']"
438,2017-11-14,"['단무지무침', '새우또띠아', '계란국', '음료', '짜장면', '볶음밥', '포기김치']"
439,2017-11-15,"['해물까스*탈탈소스', '깍두기', '해초무침', '잡곡밥', '풍기샐러드', '뼈감자탕', '쌀밥']"
440,2017-11-16,"['잡곡밥', '김치두루치기', '수제비국', '청경채생채', '옥수수계란찜', '포기김치', '쌀밥']"
441,2017-11-17,"['감자채볶음', '상추겉절이', '토란탕', '잡곡밥', '주꾸미굴소스볶음', '포기김치', '쌀밥']"
442,2017-11-20,"['알탕', '동파삼겹수육', '잡곡밥', '방풍나물', '포기김치', '실곤약흑임자무침', '쌀밥']"
443,2017-11-21,"['수제고로케', '왕만두', '오복지', '닭갈비볶음밥', '쌀국수', '포기김치', '귤']"
444,2017-11-22,"['호박부추전', '잡곡밥', '배추된장국', '풋마늘초무침', '쇠고기장조림', '포기김치', '쌀밥']"
445,2017-11-23,"['꼬마김밥*겨자장', '치킨핑거', '시저샐러드', '배추겉절이', '김치우동', '무피클']"
446,2017-11-24,"['마파두부', '유채나물', '육개장', '잡곡밥', '새우까스*탈탈소스', '포기김치', '쌀밥']"
447,2017-11-27,"['잡곡밥', '두부스테이크', '쇠고기미역국', '포기김치', '닭갈비', '청경채무침', '쌀밥']"
448,2017-11-28,"['꽃빵튀김*연유', '깍두기', '고구마그라탕', '짬뽕', '참치주먹밥', '오복지']"
449,2017-11-29,['없음']
450,2017-11-30,"['피클', '감자튀김', '스프', '로제파스타', '마늘바게뜨', '목살필라프', '홍시드레싱샐러드', '포기김치']"
451,2017-12-01,"['수제돈가스', '열무된장국', '탕평채', '잡곡밥', '포기김치', '치커리사과무침', '쌀밥']"
452,2017-12-04,"['알타리김치', '잡곡밥', '유린기', '느타리호박볶음', '도토리묵무침', '김치찌개', '쌀밥']"
453,2017-12-05,"['미소장국', '또띠아피자', '모둠과일', '참치회덮밥', '포기김치', '락교']"
454,2017-12-06,"['꽁치김치찜', '쇠고기샤브국', '깍두기', '잡곡밥', '참나물무침', '잡채', '쌀밥']"
455,2017-12-07,"['콥샐러드', '타코야끼', '요플레', '잔치국수', '포기김치', '김밥']"
456,2017-12-08,"['오징어젓무침', '석박지', '과일', '잡곡밥', '야채스틱', '김치전', '쌀밥', '설렁탕']"
457,2017-12-11,"['잡곡밥', '도라지생채', '갈치구이', '쇠고기장조림', '포기김치', '배추국', '쌀밥']"
458,2017-12-12,"['감자샐러드', '어묵우동', '사과', '미니햄버거', '수제피클', '김치볶음밥', '포기김치']"
459,2017-12-13,"['늙은호박전', '새알미역국', '잡곡밥', '청경채생채', '포기김치', '닭갈비', '쌀밥']"
460,2017-12-14,"['꽃맛살샐러드', '부추생채', '멸치주먹밥', '소고기퀘사디아', '나가사끼짬뽕', '포기김치']"
461,2017-12-15,"['알타리김치', '등갈비김치찜', '올갱이아욱국', '들깨버섯무침', '잡곡밥', '숙주나물', '쌀밥']"
462,2017-12-18,"['우엉잡채', '깍두기', '잡곡밥', '돈육김치찌개', '가자미카레튀김', '물파래무침', '쌀밥']"
463,2017-12-19,"['맑은국', '단무지', '닭오븐구이', '볶음밥*짜장소스', '포기김치', '멕시칸샐러드']"
464,2017-12-20,"['두부계란부침', '잡곡밥', '오이무침', '근대국', '고추잡채*꽃빵', '포기김치', '쌀밥']"
465,2017-12-21,"['작은밥', '유채나물', '모둠튀김', '바지락수제비', '포기김치', '찹쌀순대볶음']"
466,2017-12-22,"['시래기조림', '알타리김치', '황태무채국', '유자청제육볶음', '잡곡밥', '해물김치전', '쌀밥']"
467,2017-12-26,"['청국장찌개', '잡곡밥', '돈육계란장조림', '도라지오이생채', '꽃맛살볶음', '포기김치', '쌀밥']"
468,2017-12-27,['없음']
469,2017-12-28,"['알타리김치', '크림스프', '잡곡밥', '감자범벅', '옛날왕돈까스', '과일샐러드', '오이피클', '쌀밥']"
470,2017-12-29,"['육개장', '잡곡밥', '자반고등어구이', '비엔나감자볶음', '포기김치', '청경채무침', '쌀밥']"
471,2018-01-02,"['메추리알조림', '잡곡밥', '유산슬', '얼갈이나물', '대구매운탕', '포기김치', '쌀밥']"
472,2018-01-03,"['두부양념조림', '잡곡밥', '배추겉절이', '사천식탕수육', '시금치나물', '홍합탕', '쌀밥']"
473,2018-01-04,"['날치알김치볶음밥', '어묵우동', '시저샐러드', '새우또띠아', '피크닉', '포기김치']"
474,2018-01-05,"['알타리김치', '검정콩조림', '잡곡밥', '계란말이', '순대오징어볶음', '연두부탕', '귤', '쌀밥']"
475,2018-01-08,"['등갈비김치찜', '해초무침', '냉이된장국', '잡곡밥', '오징어&브로컬리숙회', '포기김치', '쌀밥']"
476,2018-01-09,"['깍두기', '시리얼과일샐러드', '수제피클', '옥수수스프', '목살필라프', '토마토스파게티']"
477,2018-01-10,"['잡곡밥', '오이도라지무침', '모둠묵*양념장', '쇠고기미역국', '주꾸미굴소스볶음', '포기김치', '쌀밥']"
478,2018-01-11,"['단배추나물', '삼치된장구이', '석박지', '잡곡밥', '두부카프레제', '뼈감자탕', '쌀밥']"
479,2018-01-12,"['실곤약초무침', '시래기국', '부추생채', '잡곡밥', '무쌈', '훈제오리구이', '양파', '포기김치', '쌀밥']"
480,2018-01-15,"['굴비구이', '잡곡밥', '매운버섯국', '소시지오븐구이', '올방개묵무침', '포기김치', '쌀밥']"
481,2018-01-16,"['국물떡볶이', '깍두기', '고구마튀김', '김치주먹밥', '쌀국수', '과일']"
482,2018-01-17,"['어묵볶음', '콩나물국', '잡곡밥', '쫑상추무침', '포기김치', '삼겹살구이', '쌀밥']"
483,2018-01-18,"['오므라이스', '감자샐러드', '오렌지주스', '팽이장국', '돈육강정', '호빵', '포기김치']"
484,2018-01-19,"['메추리알곤약조림', '순두부찌개', '가지나물', '잡곡밥', '포기김치', '닭갈비', '쌀밥']"
485,2018-01-22,"['알타리김치', '잡곡밥', '돈육김치찌개', '비엔나감자볶음', '갈치구이', '무쌈말이', '쌀밥']"
486,2018-01-23,"['꽃맛살샐러드', '유부장국', '해물볶음우동', '바나나', '포기김치', '김밥']"
487,2018-01-24,"['마파두부', '깍두기', '안동찜닭', '잡곡밥', '근대국', '청경채무침', '쌀밥']"
488,2018-01-25,"['수제고로케', '짬뽕', '야채볶음밥', '시금치흑임자샐러드', '군고구마', '포기김치']"
489,2018-01-26,"['미트볼케찹조림', '쇠고기샤브국', '잡곡밥', '계란찜', '물파래무침', '포기김치', '쌀밥']"
490,2018-01-29,"['청국장찌개', '깍두기', '단배추나물', '잡곡밥', '류산슬', '생선커틀릿*탈탈소스', '쌀밥']"
491,2018-01-30,"['오꼬노미야끼', '시저샐러드', '새우튀김우동', '단무지무침', '유부초밥', '포기김치']"
492,2018-01-31,['없음']
493,2018-02-01,"['후난식볶음밥', '견과류조림', '음료', '돈가스또띠아', '잔치국수', '포기김치']"
494,2018-02-02,"['모듬소세지구이', '알탕', '잡곡밥', '치커리생채', '주꾸미굴소스볶음', '포기김치', '쌀밥']"
495,2018-02-05,"['비엔나컬리플라워볶음', '참치김치찌개', '깍두기', '잡곡밥', '쌀밥', '청경채무침', '꽁치오븐구이']"
496,2018-02-06,"['팽이장국', '낙지볶음덮밥', '양배추샐러드', '야채튀김', '포기김치', '조각사과']"
497,2018-02-07,"['검정콩조림', '시금치된장국', '잡곡밥', '매운닭찜', '포기김치', '미역무침', '쌀밥']"
498,2018-02-08,"['잡곡밥', '감자범벅', '옛날왕돈까스', '옥수수스프', '키위드레싱샐러드', '포기김치', '오이피클', '쌀밥']"
499,2018-02-09,"['고추장멸치볶음', '잡곡밥', '유린기', '감자고추장찌개', '포기김치', '느타리버섯볶음', '쌀밥']"
500,2018-02-12,"['육개장', '동그랑땡전', '탕평채', '잡곡밥', '가자미카레튀김', '포기김치', '쌀밥']"
501,2018-02-13,"['알타리김치', '감자튀김', '단호박스프', '샐러드', '마늘바게트', '로제파스타', '무피클', '베이컨김치볶음밥']"
502,2018-02-14,"['잡곡밥', '계란찜', '오이무침', '쇠고기무국', '고추잡채*꽃빵', '포기김치', '쌀밥']"
503,2018-02-19,"['깍두기', '잡곡밥', '계란말이', '명태조림', '쌀밥', '파래김*양념장', '콩비지찌개']"
504,2018-02-20,"['해초무침', '딸기드레싱샐러드', '가쯔오장국', '닭오븐구이', '포기김치', '해물굴소스볶음밥']"
505,2018-02-21,"['고등어자반찜', '우거지해장국', '궁중떡볶음', '잡곡밥', '포기김치', '무쌈말이', '쌀밥']"
506,2018-02-22,"['또띠아견과칩', '오복지', '볶음밥(김밥재료)', '김치우동', '바나나', '포기김치', '오징어튀김']"
507,2018-02-23,"['부추호박전', '잡곡밥', '돈육장조림', '대구매운탕', '무생채', '포기김치', '쌀밥']"
508,2018-02-26,"['알타리김치', '아삭고추무침', '잡곡밥', '닭매운찜', '두부스테이크', '쇠고기미역국', '쌀밥']"
509,2018-02-27,"['쨔샤이무침', '계란국', '음료', '짜장잡채덮밥', '씨리얼과일샐러드', '고구마튀김', '포기김치', '연근']"
510,2018-02-28,['없음']
511,2018-03-02,"['돈육굴소스볶음', '오이도라지생채', '깍두기', '들깨버섯무침', '잡곡밥', '콩나물김치국', '쌀밥']"
512,2018-03-05,"['단호박달걀찜', '모듬쌈', '콩나물국', '잡곡밥', '돈육고추장볶음', '포기김치', '쌀밥']"
513,2018-03-06,"['해물떡볶이', '김말이튀김', '잔치국수', '포기김치', '매실주스', '김밥']"
514,2018-03-07,"['된장찌개', '잡곡밥', '쫄면무침', '봄동겉절이', '포기김치', '삼겹살구이', '쌀밥']"
515,2018-03-08,"['꽃맛살샐러드', '수제고로케', '유부장국', '산채비빔밥', '오복지무침', '포기김치']"
516,2018-03-09,"['오징어젓무침', '깍두기', '방울토마토', '잡곡밥', '야채스틱', '김치전', '쌀밥', '설렁탕']"
517,2018-03-12,"['잡곡밥', '비엔나볶음', '닭개장', '갈치구이', '포기김치', '치커리사과무침', '쌀밥']"
518,2018-03-13,"['깍두기', '어묵우동', '감자만두', '단무지무침', '쇠고기퀘사디아', '김치볶음밥']"
519,2018-03-14,"['유자청돈육볶음', '잡곡밥', '옥수수전', '무생채', '포기김치', '쌀밥', '콩비지찌개']"
520,2018-03-15,"['작은밥', '카레감자채볶음', '마늘쫑무침', '바지락수제비', '사천식탕수육', '포기김치']"
521,2018-03-16,"['콩나물국', '잡곡밥', '연두부*양념장', '호박채나물', '포기김치', '닭갈비', '쌀밥']"
522,2018-03-19,"['고등어구이', '잡곡밥', '닭가슴살냉채', '오이사과무침', '부대찌개', '포기김치', '쌀밥']"
523,2018-03-20,"['오므라이스', '알타리김치', '가쯔오장국', '음료', '모둠튀김*칠리소스', '멕시칸샐러드']"
524,2018-03-21,"['잡곡밥', '김치녹두전', '돈육장조림', '쫑상추무침', '연두부탕', '포기김치', '쌀밥']"
525,2018-03-22,"['옥수수샐러드', '빠에야', '쌀국수', '웨지감자', '포기김치', '오렌지']"
526,2018-03-23,"['마파두부', '풋마늘대무침', '잡곡밥', '버섯매운국', '새우까스*탈탈소스', '포기김치', '쌀밥']"
527,2018-03-26,"['가자미양념조림', '머위대나물', '황태국', '잡곡밥', '포기김치', '쌀밥', '소고기숙주볶음']"
528,2018-03-27,"['단무지', '후르츠탕수육(황도)', '요플레', '나가사끼짬뽕', '포기김치', '김밥']"
529,2018-03-28,['없음']
530,2018-03-29,"['미소장국', '봄나물튀김', '해물볶음우동', '참치회덮밥', '바나나', '포기김치', '락교']"
531,2018-03-30,"['돼지갈비찜', '시래기국', '감자전', '잡곡밥', '미역초무침', '포기김치', '쌀밥']"
532,2018-04-02,"['포기김치', '육개장', '잡곡밥', '고구마순나물', '모둠버섯초무침', '쌀밥', '꽁치오븐구이']"
533,2018-04-03,"['꼬들단무지', '훈제오리냉채', '멸치주먹밥', '잔치국수', '포기김치', '멕시칸샐러드']"
534,2018-04-04,"['동파삼겹수육', '시금치된장국', '잡곡밥', '방풍나물', '포기김치', '실곤약흑임자무침', '쌀밥']"
535,2018-04-05,"['딸기와플', '단무지무침', '꼬지어묵탕', '볶음밥&짜장소스', '케이준치킨샐러드', '포기김치']"
536,2018-04-06,"['동태포전', '쇠고기샤브국', '잡곡밥', '음료', '꽃맛살볶음', '포기김치', '콩나물무침', '쌀밥']"
537,2018-04-09,"['굴비구이', '소고기매운국', '잡곡밥', '셀프무쌈말이', '마늘쫑무침', '포기김치', '쌀밥']"
538,2018-04-10,"['새우튀김우동', '부추만두', '비트무생채', '베이컨김치볶음밥', '포기김치', '찹쌀순대볶음']"
539,2018-04-11,"['양념깻잎지', '잡곡밥', '꽃게탕', '레몬탕수육', '어묵꽈리고추볶음', '포기김치', '쌀밥']"
540,2018-04-12,"['닭강정', '도토리묵냉국', '후난식볶음밥', '고구마치즈구이', '음료', '오이무침', '포기김치']"
541,2018-04-13,"['치커리유자청무침', '버섯불고기', '잡곡밥', '황태양념구이', '포기김치', '쌀밥', '어묵국']"
542,2018-04-16,"['시금치초무침', '잡곡밥', '유린기', '연근땅콩조림', '차돌박이찌개', '포기김치', '쌀밥']"
543,2018-04-17,"['김치말이국수', '석박지', '충무김밥', '미트볼조림', '오징어무침', '과일샐러드']"
544,2018-04-18,"['쇠고기야채볶음', '잡곡밥', '참나물생채', '삼치구이', '포기김치', '쌀밥', '콩비지찌개']"
545,2018-04-19,"['미소장국', '참치주먹밥', '돈까스또띠아', '로제스파게티', '무피클', '포기김치', '오렌지']"
546,2018-04-20,"['잡곡밥', '옥수수전', '미역줄기볶음', '포기김치', '쌀밥', '닭갈비', '소고기무국']"
547,2018-04-23,"['돼지갈비찜', '청국장찌개', '해물까스*탈탈소스', '머위순나물', '잡곡밥', '포기김치', '쌀밥']"
548,2018-04-24,"['청포도', '감자튀김', '미니햄버거', '쌀국수', '포기김치', '하와이안필라프']"
549,2018-04-25,['없음']
550,2018-04-26,"['표고버섯탕수육', '우동', '음료', '유부초밥', '참치샐러드', '포기김치']"
551,2018-04-27,"['쇠고기샤브국', '아삭고추무침', '잡곡밥', '주꾸미떡볶음', '포기김치', '두부카프레제', '쌀밥']"
552,2018-04-30,"['육개장', '잡곡밥', '해물누룽지탕', '부추전', '김자반볶음', '포기김치', '쌀밥']"
553,2018-05-02,"['깐풍연근', '올갱이아욱국', '소고기버섯볶음', '잡곡밥', '셀프무쌈말이', '포기김치', '쌀밥']"
554,2018-05-03,"['감자샐러드', '해물떡볶이', '만두', '잔치국수', '고구마튀김', '포기김치', '김밥']"
555,2018-05-04,"['세발나물', '감자국', '잡곡밥', '비엔나케찹볶음', '쇠고기장조림', '포기김치', '쌀밥']"
556,2018-05-08,"['알타리김치', '삼계국밥', '잡곡밥', '비름나물', '당면계란만두', '삼치양념찜', '쌀밥']"
557,2018-05-09,"['언양식불고기', '견과류조림', '잡곡밥', '청경채겉절이', '대구매운탕', '포기김치', '쌀밥']"
558,2018-05-10,"['맑은국', '단무지', '볶음밥*짜장소스', '사천식탕수육', '포기김치', '하와이안샐러드']"
559,2018-05-11,"['잡곡밥', '모듬묵샐러드', '유린기', '꽃게탕', '느타리호박볶음', '포기김치', '쌀밥']"
560,2018-05-14,"['알타리김치', '해초무침', '잡곡밥', '계란찜', '닭개장', '고추잡채*꽃빵', '쌀밥']"
561,2018-05-15,"['오므라이스', '생선까스*탈탈소스', '망고드레싱샐러드', '가쯔오장국', '요플레', '무피클', '포기김치']"
562,2018-05-16,"['고추장찌개', '잡곡밥', '방풍나물', '햄감자채볶음', '갈치구이', '포기김치', '쌀밥']"
563,2018-05-17,"['김치국수', '꽃맛살샐러드', '깐풍육', '오복지', '멸치주먹밥', '바나나', '포기김치']"
564,2018-05-18,"['잡곡밥', '쫄면무침', '시금치나물', '연두부탕', '포기김치', '미니채소떡갈비', '쌀밥']"
565,2018-05-21,"['모듬장조림(소고기)', '알타리김치', '잡곡밥', '계란말이', '깻순나물', '콩나물김치국', '쌀밥']"
566,2018-05-23,"['동태전', '잡곡밥', '해물된장찌개', '돈육칠리강정', '포기김치', '콩나물무침', '쌀밥']"
567,2018-05-24,"['피클', '오렌지주스', '샐러드', '굴소스볶음밥', '함박스테이크', '완두콩스프', '포기김치', '토마토스파게티']"
568,2018-05-25,"['잡곡밥', '닭겨자냉채', '어묵무침', '비엔나감자구이', '쇠고기무국', '포기김치', '쌀밥']"
569,2018-05-28,"['알타리김치', '고추장찌개', '쇠고기숙주볶음', '잡곡밥', '해물김치전', '파래김*양념장', '쌀밥']"
570,2018-05-29,"['짬뽕', '양배추샐러드', '깐풍기', '볶음밥', '포기김치', '조각사과']"
571,2018-05-30,['없음']
572,2018-05-31,"['샐러드', '석박지', '우동', '충무김밥', '바나나', '핫도그', '오징어초무침']"
573,2018-06-01,"['열무김치', '견과류조림', '잡곡밥', '레몬탕수육', '미역줄기볶음', '쌀밥', '콩비지찌개']"
574,2018-06-04,"['가자미양념찜', '쇠고기샤브국', '잡곡밥', '비트무생채', '꽃맛살볶음', '포기김치', '쌀밥']"
575,2018-06-05,"['단무지무침', '참치주먹밥', '새우까스*칠리소스', '잔치국수', '과일샐러드', '포기김치']"
576,2018-06-07,"['치커리유자청무침', '조랭이떡미역국', '열무김치', '잡곡밥', '김치녹두전', '돈육장조림', '쌀밥']"
577,2018-06-08,"['비엔나컬리플라워볶음', '잡곡밥', '얼갈이된장국', '닭오븐구이', '시금치나물', '포기김치', '쌀밥']"
578,2018-06-11,"['해물동그랑땡전', '잡곡밥', '닭볶음탕', '오이사과무침', '무채국', '포기김치', '쌀밥']"
579,2018-06-12,"['고추장찌개', '언양식불고기', '양배추쌈*쌈장', '잡곡밥', '날치알계란찜', '포기김치', '쌀밥']"
580,2018-06-14,"['유부장국', '모둠튀김*초간장', '산채비빔밥', '콘샐러드', '수박', '포기김치']"
581,2018-06-15,"['돈육굴소스볶음', '참치야채전', '잡곡밥', '참나물생채', '포기김치', '쌀밥', '어묵국']"
582,2018-06-18,"['후르츠탕수육', '부추생채', '해물파전', '콩나물국', '잡곡밥', '포기김치', '쌀밥']"
583,2018-06-19,"['맑은국', '마파두부덮밥', '쨔샤이무침', '소고기퀘사디아', '씨리얼과일샐러드', '포기김치']"
584,2018-06-20,"['모둠버섯볶음', '된장찌개', '잡곡밥', '유린기', '배추겉절이', '오이맛살무침', '쌀밥']"
585,2018-06-21,"['김말이튀김', '떡볶이', '청포도피클', '잔치국수', '포기김치', '김밥']"
586,2018-06-22,['없음']
587,2018-06-25,"['두부양념조림', '시래기국', '잡곡밥', '모듬쌈*쌈장', '포기김치', '삼겹살구이', '쌀밥']"
588,2018-06-26,"['콥샐러드', '유부초밥', '수박', '콩국수', '포기김치', '순대야채볶음']"
589,2018-06-27,['없음']
590,2018-06-28,"['단호박스프', '잡곡밥', '음료', '단무지', '샐러드파스타', '옛날돈가스', '포기김치', '쌀밥']"
591,2018-06-29,"['알타리김치', '치커리무침', '소고기불고기', '잡곡밥', '감자채햄볶음', '북어계란국', '쌀밥']"
592,2018-07-02,"['비엔나컬리플라워볶음', '잡곡밥', '옹심이만두국', '간장치킨', '포기김치', '청경채무침', '쌀밥']"
593,2018-07-03,"['후난식볶음밥', '시저샐러드', '돈육강정', '가쯔오장국', '포기김치', '조각사과']"
594,2018-07-04,"['두부계란부침*양념', '잡곡밥', '셀프무쌈말이', '들깨미역국', '주꾸미볶음', '포기김치', '쌀밥']"
595,2018-07-05,"['부추만두', '열무김치국수', '멸치주먹밥', '무피클', '포기김치', '멕시칸샐러드']"
596,2018-07-06,"['잡곡밥', '배추된장국', '참나물생채', '꽃맛살볶음', '가자미카레튀김', '포기김치', '쌀밥']"
597,2018-07-09,"['잡곡밥', '머위대초무침', '닭개장', '갈치구이', '포기김치', '고추잡채*꽃빵', '쌀밥']"
598,2018-07-10,"['짜장소스', '맑은국', '오이지무침', '볶음밥', '사천식탕수육', '포기김치', '하와이안샐러드']"
599,2018-07-11,"['부추생채', '잡곡밥', '옥수수전', '무채국', '콩나물불고기', '포기김치', '쌀밥']"
600,2018-07-12,"['감자치즈구이', '빠에야', '냉모밀국수', '비빔만두', '수박', '포기김치']"
601,2018-07-13,"['미트볼케찹조림', '양념깻잎지', '잡곡밥', '해물누룽지탕', '포기김치', '쌀밥', '시금치국']"
602,2018-07-16,"['오이맛살냉채', '알타리김치', '모듬소세지구이', '잡곡밥', '돈육김치찌개', '쌀밥', '꽁치오븐구이']"
603,2018-07-17,"['감자튀김', '가쯔오국', '로제파스타', '청포도피클', '포기김치', '해물굴소스볶음밥']"
604,2018-07-18,"['잡곡밥', '소고기미역국', '명란계란찜', '오징어볶음', '포기김치', '두부카프레제', '쌀밥']"
605,2018-07-19,"['김치말이국수', '떡볶이', '꼬들단무지', '음료', '찐옥수수', '포기김치', '김밥']"
606,2018-07-20,"['두부구이', '잡곡밥', '꽃게탕', '돈육간장강정', '아몬드멸치볶음', '포기김치', '쌀밥']"
607,2018-07-23,"['비엔나야채볶음', '열무김치', '잡곡밥', '유산슬', '얼갈이나물', '매운소고기국', '쌀밥']"
608,2018-07-24,"['유부장국', '깍두기', '모듬묵샐러드', '김치볶음밥', '천도복숭아', '탄두리치킨']"
609,2018-07-25,['없음']
610,2018-07-26,"['표고버섯탕수육', '우동', '요플레', '멸치주먹밥', '포기김치', '햄치즈또띠아']"
611,2018-07-27,"['감자채볶음', '상추겉절이', '잡곡밥', '차돌박이찌개', '쇠고기장조림', '포기김치', '쌀밥']"
612,2018-07-30,"['부추생채', '호박젓국찌개', '장어강정', '잡곡밥', '포기김치', '실곤약흑임자무침', '쌀밥']"
613,2018-07-31,"['순대볶음', '김밥볶음밥', '노각무침', '꼬치어묵탕', '케이준샐러드', '포기김치']"
614,2018-08-01,"['알타리김치', '꽁치김치말이', '잡곡밥', '셀프무쌈말이', '고기전', '쇠고기무국', '쌀밥']"
615,2018-08-02,"['훈제오리냉채', '수제오이피클', '잔치국수', '포기김치', '단호박범벅', '야채주먹밥']"
616,2018-08-03,"['언양식불고기', '잡곡밥', '황태양념구이', '무생채', '포기김치', '쌀밥', '콩가루배추국']"
617,2018-08-06,"['연두부*양념', '잡곡밥', '닭볶음탕', '치커리생채', '포기김치', '쌀밥', '어묵국']"
618,2018-08-07,"['생선까스*탈탈소스', '또띠아견과칩', '미니우동', '오이무침', '목살필라프', '포기김치']"
619,2018-08-08,"['육개장', '양배추쌈*쌈장', '잡곡밥', '계란말이', '고추잡채*꽃빵', '포기김치', '쌀밥']"
620,2018-08-09,"['옛날돈까스', '미소장국', '딸기드레싱샐러드', '잡곡밥', '감자범벅', '주스', '무피클', '포기김치', '쌀밥']"
621,2018-08-10,"['시래기국', '매운어묵볶음', '잡곡밥', '배추겉절이', '미역레몬초무침', '돈삼겹보쌈', '쌀밥']"
622,2018-08-13,"['시금치무침', '알타리김치', '신김치도토리묵', '콩나물국', '잡곡밥', '닭데리야끼구이', '쌀밥']"
623,2018-08-14,"['맑은국', '후르츠탕수육', '오이초무침', '곤드레밥*강된장', '찐감자', '포기김치']"
624,2018-08-16,"['석박지', '충무김밥', '바나나', '콩국수', '홍시드레싱샐러드', '오징어초무침']"
625,2018-08-17,"['잡곡밥', '등갈비바베큐조림', '쫑상추무침', '어묵잡채', '부대찌개', '포기김치', '쌀밥']"
626,2018-08-20,"['호박새우젓국', '모듬소세지', '잡곡밥', '마늘쫑건새우', '매운닭찜', '포기김치', '쌀밥']"
627,2018-08-21,"['감자튀김', '가쯔오국', '함박스테이크', '투움바스파게티', '포기김치', '피클,음료']"
628,2018-08-22,"['감자채볶음', '시래기국', '부추생채', '잡곡밥', '양념갈비찜', '포기김치', '쌀밥']"
629,2018-08-23,"['꽃맛살샐러드', '새우또띠아', '멸치주먹밥', '나가사끼짬뽕', '수박', '포기김치']"
630,2018-08-24,"['포기김치', '잡곡밥', '오징어볶음', '비엔나케찹볶음', '열무나물', '쌀밥', '어묵국']"
631,2018-08-27,"['열무김치', '코다리조림', '잡곡밥', '해물김치전', '청경채생채', '차돌박이찌개', '쌀밥']"
632,2018-08-28,"['감자치즈구이', '맑은국', '단무지', '볶음밥*짜장소스', '깐풍기', '포기김치', '과일']"
633,2018-08-29,['없음']
634,2018-08-30,"['오므라이스', '모듬튀김*칠리소스', '미역장국', '오이무침', '포기김치', '멕시칸샐러드']"
635,2018-08-31,"['해파리냉채', '황태국', '호박나물', '유자청제육볶음', '잡곡밥', '포기김치', '쌀밥']"
636,2018-09-03,"['땅콩조림', '알타리김치', '잡곡밥', '유산슬', '계란찜', '돈육김치찌개', '쌀밥']"
637,2018-09-04,"['크림카레우동', '왕만두', '가쯔오장국', '양배추샐러드', '무피클', '닭갈비볶음밥', '포기김치']"
638,2018-09-05,"['고등어구이', '육개장', '잡곡밥', '훈제오리냉채', '우엉곤약조림', '포기김치', '쌀밥']"
639,2018-09-06,"['꼬마김밥*겨자장', '돈육강정', '요플레', '키위드레싱샐러드', '잔치국수', '포기김치']"
640,2018-09-07,"['청포묵무침', '두부양념조림', '잡곡밥', '포기김치', '쌀밥', '생선까스*칠리소스', '콩비지찌개']"
641,2018-09-10,"['청국장찌개', '양념깻잎지', '잡곡밥', '가자미튀김', '포기김치', '돈육잡채', '쌀밥']"
642,2018-09-11,"['김치말이국수', '떡볶이', '꼬들단무지', '음료', '찐옥수수', '포기김치', '김밥']"
643,2018-09-12,"['잡곡밥', '어묵무침', '유린기', '참나물생채', '매운쇠고기국', '포기김치', '쌀밥']"
644,2018-09-13,"['오이미역무침', '열무김치', '크림스프', '잡곡밥', '수제돈까스*칠리소스', '푸실리샐러드', '쌀밥']"
645,2018-09-14,"['도토리묵냉국', '동그랑땡전', '도라지무침', '잡곡밥', '해물누룽지탕', '포기김치', '쌀밥']"
646,2018-09-17,"['잡곡밥', '오징어볶음', '단호박계란찜', '셀프무쌈말이', '포기김치', '들깨버섯국', '쌀밥']"
647,2018-09-18,"['우동', '음료', '유부초밥', '참치샐러드', '포기김치', '순대야채볶음']"
648,2018-09-19,['없음']
649,2018-09-20,"['유부주머니국', '해물까스*탈탈소스', '알타리김치', '계란', '수제피클', '김치볶음밥', '단호박범벅']"
650,2018-09-21,"['흑임자곤약샐러드', '시금치된장국', '잡곡밥', '포기김치', '얼갈이생채', '미니채소떡갈비', '쌀밥']"
651,2018-10-08,"['알타리김치', '참치김치찌개', '가지무침', '안동찜닭', '잡곡밥', '고추잡채*꽃빵', '쌀밥']"
652,2018-10-10,"['가자미양념찜', '쇠고기샤브국', '잡곡밥', '비트무생채', '꽃맛살볶음', '포기김치', '쌀밥']"
653,2018-10-11,"['콥샐러드', '열무김치', '타코야끼', '우동', '김치주먹밥', '귤']"
654,2018-10-12,"['부추생채', '호박젓국찌개', '장어강정', '잡곡밥', '포기김치', '실곤약흑임자무침', '쌀밥']"
655,2018-10-15,"['잡곡밥', '계란말이', '미역줄기볶음', '쇠고기장조림', '포기김치', '동태찌개', '쌀밥']"
656,2018-10-16,"['딸기드레싱샐러드', '가쯔오장국', '음료', '닭오븐구이', '포기김치', '해물굴소스볶음밥']"
657,2018-10-17,"['꽁치구이', '차돌박이된장찌개', '잡곡밥', '미트볼조림', '포기김치', '청경채무침', '쌀밥']"
658,2018-10-18,"['짬뽕', '유부초밥', '단무지', '생과일플레인샐러드', '탕수육', '포기김치']"
659,2018-10-19,"['아삭고추무침', '잡곡밥', '류산슬', '비엔나감자구이', '닭곰탕', '포기김치', '쌀밥']"
660,2018-10-22,"['양배추쌈*쌈장', '잡곡밥', '코다리조림', '옹심이만두국', '꽃맛살볶음', '포기김치', '쌀밥']"
661,2018-10-23,"['맑은국', '수제피클', '볶음밥*짜장소스', '탕수어', '포기김치', '과일', '감자범벅']"
662,2018-10-24,"['대구찌개', '멸치아몬드볶음', '언양식불고기', '잡곡밥', '셀프무쌈말이', '포기김치', '쌀밥']"
663,2018-10-25,"['꼬들단무지', '요플레', '김치우동', '깐풍기', '포기김치', '멕시칸샐러드', '야채주먹밥']"
664,2018-10-26,"['치커리무침', '육개장', '메추리알조림', '잡곡밥', '가자미카레튀김', '포기김치', '쌀밥']"
665,2018-10-29,"['취나물', '잡곡밥', '해물된장찌개', '짬뽕불고기', '도토리묵무침', '포기김치', '쌀밥']"
666,2018-10-30,"['갈치구이', '깍두기', '잡곡밥', '오이맛살초무침', '부대찌개', '버섯잡채', '쌀밥']"
667,2018-10-31,['없음']
668,2018-11-01,"['무피클', '샐러드', '가쯔오장국', '로제스파게티', '웨지감자', '목살필라프', '포기김치']"
669,2018-11-02,"['순두부찌개', '견과류조림', '잡곡밥', '해물누룽지탕', '계란말이', '포기김치', '쌀밥']"
670,2018-11-05,"['돈육간장불고기', '감자국', '잡곡밥', '쫄면무침', '포기김치', '콩나물파채무침', '쌀밥']"
671,2018-11-06,"['미소장국', '쇠고기퀘사디아', '참치회덮밥', '과일샐러드', '포기김치', '락교']"
672,2018-11-07,"['된장찌개', '잡곡밥', '두부커틀릿', '깻잎지', '해물청경채볶음', '포기김치', '쌀밥']"
673,2018-11-08,"['해물까스*탈탈소스', '깍두기', '잡곡밥', '풍기샐러드', '부추무침', '뼈감자탕', '쌀밥']"
674,2018-11-09,"['포기김치', '잡곡밥', '메밀전병만두', '오이무침', '쇠고기장조림', '쌀밥', '콩비지찌개']"
675,2018-11-12,"['마파두부', '단배추나물', '잡곡밥', '유린기', '차돌박이찌개', '포기김치', '쌀밥']"
676,2018-11-13,"['통새우김밥', '고구마그라탕', '단무지무침', '미니짬뽕', '키위드레싱샐러드', '포기김치']"
677,2018-11-14,"['매운돼지갈비찜', '시금치된장국', '잡곡밥', '청경채생채', '옥수수계란찜', '포기김치', '쌀밥']"
678,2018-11-15,"['유부장국', '음료', '닭오븐구이', '볶음밥*짜장소스', '포기김치', '멕시칸샐러드']"
679,2018-11-16,"['미트볼케찹조림', '검정콩조림', '잡곡밥', '황태양념구이', '포기김치', '쌀밥', '콩가루배추국']"
680,2018-11-19,"['모듬소세지구이', '코다리양념조림', '잡곡밥', '닭개장', '포기김치', '치커리사과무침', '쌀밥']"
681,2018-11-20,"['콥샐러드', '깍두기', '가쯔오장국', '계란', '단무지', '김치볶음밥', '탄두리치킨']"
682,2018-11-21,"['감자채볶음', '열무된장국', '잡곡밥', '쫑상추무침', '포기김치', '삼겹살구이', '쌀밥']"
683,2018-11-22,"['양장피잡채', '해물수제비', '부추만두', '요플레', '멸치주먹밥', '포기김치']"
684,2018-11-23,"['고추장찌개', '잡곡밥', '고구마순나물', '돈육장조림', '김치전', '포기김치', '쌀밥']"
685,2018-11-26,"['우엉잡채', '깍두기', '굴비구이', '잡곡밥', '마늘쫑무침', '부대찌개', '쌀밥']"
686,2018-11-27,"['돈육강정', '참치주먹밥', '시금치흑임자샐러드', '잔치국수', '포기김치', '귤']"
687,2018-11-28,['없음']
688,2018-11-29,"['치커리사과생채', '미니함박조림', '잡곡밥', '해파리겨자채', '연두부탕', '포기김치', '쌀밥']"
689,2018-11-30,"['부추생채', '잡곡밥', '새송이버섯전', '깐풍기', '포기김치', '쌀밥', '어묵국']"
690,2018-12-03,"['해물파전', '돈육간장불고기', '양배추쌈*쌈장', '된장찌개', '잡곡밥', '포기김치', '쌀밥']"
691,2018-12-04,"['피클', '굴소스볶음밥', '쇠고기퀘사디아', '옥수수스프', '키위드레싱샐러드', '포기김치', '토마토스파게티']"
692,2018-12-05,"['모듬소세지볶음', '근대나물무침', '육개장', '잡곡밥', '삼치구이', '포기김치', '쌀밥']"
693,2018-12-06,"['알타리김치', '빠에야', '쌀국수', '과일주스', '웨지감자', '하와이안샐러드']"
694,2018-12-07,"['쇠고기샤브국', '잡곡밥', '오징어볶음', '무생채', '두부계란부침', '포기김치', '쌀밥']"
695,2018-12-10,"['미트볼케찹조림', '순두부찌개', '잡곡밥', '통도라지구이', '포기김치', '돈육잡채', '쌀밥']"
696,2018-12-11,"['떡볶이', '생선초밥', '우동', '과일샐러드', '포기김치', '락교']"
697,2018-12-12,"['오징어국', '잡곡밥', '청경채생채', '양념치킨', '오꼬노미야끼계란말이', '포기김치', '쌀밥']"
698,2018-12-13,"['단무지무침', '부추만두', '계란국', '짜장밥', '사천식탕수육', '포기김치']"
699,2018-12-14,"['안동찜닭', '잡곡밥', '열무나물무침', '새송이고추장구이', '포기김치', '김치찌개', '쌀밥']"
700,2018-12-17,"['된장찌개', '잡곡밥', '주꾸미볶음', '비엔나감자볶음', '포기김치', '숙주나물', '쌀밥']"
701,2018-12-18,"['김치말이국수', '꽃맛살샐러드', '석박지', '충무김밥', '귤', '오징어초무침']"
702,2018-12-19,"['고등어구이', '가지나물', '잡곡밥', '닭살겨자냉채', '포기김치', '쌀밥', '콩비지찌개']"
703,2018-12-20,"['옛날돈까스', '크림스프', '잡곡밥', '음료', '감자범벅', '수제피클', '양배추샐러드', '포기김치', '쌀밥']"
704,2018-12-21,"['생선까스*탈탈소스', '마파두부', '잡곡밥', '쇠고기미역국', '포기김치', '콩나물무침', '쌀밥']"
705,2018-12-24,"['잡곡밥', '오이무침', '버섯잡채', '포기김치', '닭갈비', '민물새우찌개', '쌀밥']"
706,2018-12-26,['없음']
707,2018-12-27,"['김밥볶음밥', '짬뽕', '깐풍기', '오복지무침', '키위드레싱샐러드', '포기김치']"
708,2018-12-28,"['육개장', '견과류조림', '코다리조림', '잡곡밥', '꽃맛살볶음', '포기김치', '쌀밥']"
709,2018-12-31,"['들깨시래기국', '잡곡밥', '계란찜', '참나물생채', '훈제오리볶음', '포기김치', '쌀밥']"
710,2019-01-02,"['두부양념조림', '잡곡밥', '배추겉절이', '마늘간장치킨', '부대찌개', '유채나물된장무침', '쌀밥']"
711,2019-01-03,"['우동', '깐풍육', '새우볶음밥', '콘샐러드', '포기김치', '락교']"
712,2019-01-04,"['미트볼떡조림', '호박나물', '잡곡밥', '도토리묵무침', '북어계란국', '포기김치', '쌀밥']"
713,2019-01-07,"['매운돼지갈비찜', '연두부*양념장', '잡곡밥', '물파래무침', '포기김치', '미역국', '쌀밥']"
714,2019-01-08,"['매쉬드포테이토', '유린기', '멸치주먹밥', '무피클', '잔치국수', '포기김치']"
715,2019-01-09,"['가지나물', '잡곡밥', '오징어볶음', '배추겉절이', '닭곰탕', '오꼬노미야끼계란말이', '쌀밥']"
716,2019-01-10,"['해물까스*칠리소스', '크림카레우동', '가쯔오국', '양배추샐러드', '닭갈비볶음밥', '포기김치', '귤']"
717,2019-01-11,"['세발나물', '잡곡밥', '해물순두부찌개', '셀프무쌈말이', '닭데리야끼구이', '포기김치', '쌀밥']"
718,2019-01-14,"['모듬소세지볶음', '깍두기', '굴비구이', '잡곡밥', '파래김*양념장', '김치찌개', '쌀밥']"
719,2019-01-15,"['로제파스타', '마늘빵', '주스', '팽이가쯔오장국', '키위드레싱샐러드', '목살필라프', '포기김치']"
720,2019-01-16,"['된장찌개', '잡곡밥', '해물김치전', '돈육장조림', '포기김치', '콩나물무침', '쌀밥']"
721,2019-01-17,"['오므라이스', '모듬튀김*칠리소스', '미역장국', '수제피클', '포기김치', '멕시칸샐러드']"
722,2019-01-18,"['아삭고추무침', '잡곡밥', '해물청경채볶음', '닭개장', '버섯잡채', '포기김치', '쌀밥']"
723,2019-01-21,"['부추생채', '잡곡밥', '주꾸미볶음', '차돌박이찌개', '두부새싹구이', '포기김치', '쌀밥']"
724,2019-01-22,"['미소장국', '또띠아피자', '참치회덮밥', '과일샐러드', '포기김치', '락교']"
725,2019-01-23,"['아욱국', '깍두기', '신김치도토리묵', '잡곡밥', '돈육강정', '숙주나물', '쌀밥']"
726,2019-01-24,"['국물떡볶이', '시저샐러드', '요플레', '김치주먹밥', '쌀국수', '포기김치']"
727,2019-01-25,"['동태전', '잡곡밥', '물파래무침', '포기김치', '쌀밥', '닭갈비', '콩비지찌개']"
728,2019-01-28,"['탕평채', '잡곡밥', '배추된장국', '미역레몬초무침', '양념갈비찜', '포기김치', '쌀밥']"
729,2019-01-29,"['딸기드레싱샐러드', '나가사끼짬뽕', '포기김치', '매실주스', '순대야채볶음', '김밥']"
730,2019-01-30,['없음']
731,2019-01-31,"['피클', '잡곡밥', '감자범벅', '주스', '옛날왕돈까스', '양배추샐러드', '옥수수스프', '포기김치', '쌀밥']"
732,2019-02-01,"['알타리김치', '참치김치찌개', '소고기모듬장조림', '잡곡밥', '셀프무쌈말이', '구이김', '쌀밥']"
733,2019-02-07,"['견과류조림', '잡곡밥', '양념치킨', '무생채', '연두부탕', '포기김치', '쌀밥']"
734,2019-02-08,"['미트볼케찹조림', '양념깻잎지', '잡곡밥', '해물누룽지탕', '포기김치', '쇠고기국', '쌀밥']"
735,2019-02-11,"['부추호박전', '오이사과생채', '된장찌개', '잡곡밥', '닭볶음탕', '포기김치', '쌀밥']"
736,2019-02-12,"['가쯔오장국', '주스', '단무지', '콘샐러드', '볶음밥*짜장소스', '사천식탕수육', '포기김치']"
737,2019-02-13,"['마파두부', '잡곡밥', '돈육간장볶음', '근대국', '포기김치', '콩나물무침', '쌀밥']"
738,2019-02-14,"['또띠아견과칩', '과일', '우동', '참치주먹밥', '케이준샐러드', '포기김치', '오이피클']"
739,2019-02-15,"['우엉잡채', '육개장', '취나물', '잡곡밥', '탕수어', '포기김치', '쌀밥']"
740,2019-02-18,"['홍어채무침', '돈육굴소스볶음', '세발나물', '잡곡밥', '얼갈이국', '포기김치', '쌀밥']"
741,2019-02-19,"['딸기드레싱샐러드', '가쯔오장국', '계란', '김치볶음밥', '탄두리치킨', '포기김치', '오렌지']"
742,2019-02-20,"['모듬소세지구이', '깍두기', '잡곡밥', '매운버섯국', '진미채무침', '가자미튀김', '쌀밥']"
743,2019-02-21,"['콥샐러드', '미니잔치국수', '무피클', '사과주스', '목살필라프', '포기김치', '생선까스*칠리소스']"
744,2019-02-22,"['동그랑땡전', '오징어국', '잡곡밥', '참나물생채', '포기김치', '닭갈비', '쌀밥']"
745,2019-02-25,"['콩나물국', '잡곡밥', '류산슬', '물파래무침', '포기김치', '돈육잡채', '쌀밥']"
746,2019-02-26,"['짬뽕', '유부초밥', '단무지', '깐풍기', '생과일플레인샐러드', '포기김치']"
747,2019-02-27,['없음']
748,2019-02-28,"['깍두기', '부추생채', '잡곡밥', '주꾸미볶음', '맛살전', '쌀밥', '소고기무국']"
749,2019-03-04,"['알타리김치', '도토리묵야채무침', '소고기장조림', '잡곡밥', '김치순두부찌개', '치커리생채', '쌀밥']"
750,2019-03-05,"['떡볶이', '방울토마토', '미니우동', '단무지', '김말이&만두튀김', '포기김치', '김밥']"
751,2019-03-06,"['애호박나물', '쇠고기샤브국', '고구마그라탕', '잡곡밥', '오징어볶음', '포기김치', '쌀밥']"
752,2019-03-07,"['단호박스프', '쇠고기퀘사디아', '음료', '볶음밥', '로제스파게티', '홍시드레싱샐러드', '포기김치']"
753,2019-03-08,"['포기김치', '치킨무', '사과오이무침', '잡곡밥', '수원왕갈비통닭', '오꼬노미야끼계란말이', '쌀밥', '시금치국']"
754,2019-03-11,"['유자청제육볶음', '된장찌개', '잡곡밥', '청경채생채', '두부구이*양념장', '포기김치', '쌀밥']"
755,2019-03-12,"['오므라이스', '모듬튀김*칠리소스', '미소장국', '무피클', '포기김치', '멕시칸샐러드', '오렌지']"
756,2019-03-13,"['깍두기', '잡곡밥', '수제비국', '꽃맛살볶음', '쌀밥', '콩나물무침', '순살파닭']"
757,2019-03-14,"['옛날돈까스', '양송이스프', '딸기드레싱샐러드', '음료', '감자범벅', '포기김치', '오이피클', '쌀밥']"
758,2019-03-15,"['우엉잡채', '부추생채', '달래된장국', '잡곡밥', '레몬탕수육', '포기김치', '쌀밥']"
759,2019-03-18,"['메추리알곤약조림', '잡곡밥', '배추된장국', '비트무생채', '포기김치', '닭갈비', '쌀밥']"
760,2019-03-19,"['꼬마김밥*겨자장', '해물까스', '파인애플주스', '케찹', '김치우동', '시금치흑임자샐러드', '포기김치']"
761,2019-03-20,"['고등어구이', '잡곡밥', '훈제오리냉채', '닭개장', '포기김치', '청포묵무침', '쌀밥']"
762,2019-03-21,"['수제고로케', '빠에야', '양배추피클', '쌀국수', '과일샐러드', '포기김치']"
763,2019-03-22,"['참치김치찌개', '해파리냉채', '언양식불고기', '잡곡밥', '시금치나물', '포기김치', '쌀밥']"
764,2019-03-25,"['감자채볶음', '시래기국', '잡곡밥', '상추파무침', '포기김치', '삼겹살구이', '쌀밥']"
765,2019-03-26,"['잡채밥&짜장소스', '떡꼬지', '맑은국', '음료', '간장치킨', '단무지', '포기김치']"
766,2019-03-27,['없음']
767,2019-03-28,"['모짜렐라핫도그', '샐러드', '석박지', '우동', '충무김밥', '바나나', '오징어초무침']"
768,2019-03-29,"['쇠고기샤브국', '동그랑땡전', '잡곡밥', '깐풍기', '열무나물', '포기김치', '쌀밥']"
769,2019-04-01,"['가자미양념찜', '감자국', '잡곡밥', '새송이너비아니구이', '포기김치', '콩나물무침', '쌀밥']"
770,2019-04-02,"['콥샐러드', '무피클', '탕수육', '사과주스', '목살필라프', '포기김치', '꼬지어묵국']"
771,2019-04-03,"['잡곡밥', '오이무침', '어묵잡채', '돈육장조림', '부대찌개', '포기김치', '쌀밥']"
772,2019-04-04,"['깍두기', '단호박*팥찜', '잡곡밥', '해물까스*와사비소스', '부추무침', '뼈감자탕', '쌀밥']"
773,2019-04-05,"['청국장찌개', '가지나물', '잡곡밥', '류산슬', '치즈함박스테이크', '포기김치', '쌀밥']"
774,2019-04-08,"['취나물', '해물파전', '잡곡밥', '김치두부국', '포기김치', '닭갈비', '쌀밥']"
775,2019-04-09,"['미소장국', '또띠아피자', '꽃맛살샐러드', '참치회덮밥', '포기김치', '락교', '오렌지']"
776,2019-04-10,"['육개장', '잡곡밥', '꽁치구이*와사비장', '청경채생채', '비엔나케찹볶음', '포기김치', '쌀밥']"
777,2019-04-11,"['깍두기', '새우튀김우동', '요플레', '베이컨김치볶음밥', '찐만두', '키위드레싱샐러드']"
778,2019-04-12,"['잡곡밥', '배추된장국', '돈육강정', '계란말이', '숙주나물', '포기김치', '쌀밥']"
779,2019-04-15,"['마파두부', '열무김치', '잡곡밥', '부추겉절이', '차돌박이찌개', '가자미카레튀김', '쌀밥']"
780,2019-04-16,"['감자튀김', '크림스프', '토마토스파게티(작은밥)', '미니햄버거', '음료', '포기김치', '오이피클']"
781,2019-04-17,"['깍두기', '간장마늘치킨', '브로컬리맛살볶음', '잡곡밥', '얼갈이겉절이', '쌀밥', '콩비지찌개']"
782,2019-04-18,"['김밥볶음밥', '크림새우', '딸기드레싱샐러드', '짬뽕', '포기김치', '과일']"
783,2019-04-19,"['고추장찌개', '돈육굴소스볶음', '동그랑땡전', '잡곡밥', '포기김치', '콩나물무침', '쌀밥']"
784,2019-04-22,"['탕수만두', '닭데리야끼조림', '잡곡밥', '얼갈이나물', '포기김치', '쌀밥', '콩가루배추국']"
785,2019-04-23,"['고등어구이', '잡곡밥', '수제비국', '청경채생채', '고추잡채*꽃빵', '포기김치', '쌀밥']"
786,2019-04-24,['없음']
787,2019-04-25,"['유부주머니국', '콘치즈오븐구이', '깍두기', '새우까스*와사비소스', '단무지무침', '음료', '파인애플볶음밥']"
788,2019-04-26,"['감자채볶음', '잡곡밥', '유린기', '마늘쫑무침', '포기김치', '쌀밥', '시금치국']"
789,2019-04-29,"['매운소고기무국', '잡곡밥', '참나물생채', '삼치구이', '포기김치', '돈육잡채', '쌀밥']"
790,2019-04-30,"['바나나', '야채튀김', '잔치국수', '무비트생채(초절이)', '포기김치', '김밥']"
791,2019-05-02,"['미소장국', '열무김치', '볶음우동', '쫑상추무침', '삼겹살볶음밥', '하와이안샐러드']"
792,2019-05-03,"['황태국', '돈육피망볶음', '간장깻잎지', '잡곡밥', '두부계란부침', '포기김치', '쌀밥']"
793,2019-05-07,"['동그랑땡전', '열무김치', '콩나물국', '잡곡밥', '무생채', '닭갈비', '쌀밥']"
794,2019-05-08,"['육개장', '모듬소세지구이', '굴비구이', '잡곡밥', '오이무침', '포기김치', '쌀밥']"
795,2019-05-09,"['짜장소스', '맑은국', '음료', '단무지', '씨리얼과일샐러드', '소고기퀘사디아', '잡채밥', '포기김치']"
796,2019-05-10,"['열무된장국', '해물파전', '잡곡밥', '마늘쫑무침', '레몬탕수육', '포기김치', '쌀밥']"
797,2019-05-13,"['고등어자반찜', '깍두기', '잡곡밥', '메밀전병만두', '참나물땅콩무침', '부대찌개', '쌀밥']"
798,2019-05-14,"['열무김치', '고구마치즈구이', '모듬튀김', '오이무침', '김치우동', '멸치주먹밥', '과일']"
799,2019-05-15,"['시래기국', '매운어묵볶음', '버섯불고기', '잡곡밥', '쫑상추무침', '포기김치', '쌀밥']"
800,2019-05-16,"['해물까스*와사비소스', '양배추피클', '핫도그', '닭갈비볶음밥', '쌀국수', '포기김치']"
801,2019-05-17,"['브로컬리오징어숙회', '미니함박조림', '아삭고추무침', '잡곡밥', '닭개장', '포기김치', '쌀밥']"
802,2019-05-20,"['떡국', '잡곡밥', '오이맛살초무침', '통도라지구이', '고추잡채*꽃빵', '포기김치', '쌀밥']"
803,2019-05-21,"['꽃맛살샐러드', '석박지', '방울토마토', '충무김밥', '요플레', '미니국수', '오징어초무침']"
804,2019-05-22,"['포기김치', '과일탕수육', '잡곡밥', '청경채겉절이', '감자비엔나볶음', '버섯들깨탕', '쌀밥']"
805,2019-05-23,"['시저샐러드', '감자튀김*케찹', '스프', '해물굴소스볶음밥', '포기김치', '토마토스파게티']"
806,2019-05-24,"['고추장찌개', '간장깻잎지', '잡곡밥', '두부커틀릿', '해물누룽지탕', '포기김치', '쌀밥']"
807,2019-05-27,"['두부김치국', '양장피잡채', '소고기장조림', '열무김치', '세발나물', '잡곡밥', '쌀밥']"
808,2019-05-28,"['야채쫄면', '가쯔오장국', '유부초밥', '단무지', '포기김치', '생선까스*칠리소스', '오렌지']"
809,2019-05-29,['없음']
810,2019-05-30,"['미소장국', '쇠고기숙주규동덮밥', '치킨퀘사디야', '배추겉절이', '파스타샐러드', '무피클']"
811,2019-05-31,"['숙주미나리잡채', '무청된장국', '잡곡밥', '청경채겉절이', '포기김치', '닭갈비', '쌀밥']"
812,2019-06-03,"['부추생채', '순두부찌개', '잡곡밥', '꽃맛살볶음', '포기김치', '삼치튀김*데리소스', '쌀밥']"
813,2019-06-04,"['또띠아견과칩', '딸기드레싱샐러드', '우동', '음료', '참치주먹밥', '닭오븐구이', '포기김치']"
814,2019-06-05,"['감자채볶음', '도라지초무침', '동파삼겹수육', '된장찌개', '잡곡밥', '배추겉절이', '쌀밥']"
815,2019-06-07,"['두부김치국', '닭강정', '깍두기', '호박나물', '잡곡밥', '새송이버섯전', '쌀밥']"
816,2019-06-10,"['잡곡밥', '얼갈이된장국', '상추파무침', '어묵꽈리고추볶음', '포기김치', '삼겹살구이', '쌀밥']"
817,2019-06-11,"['김밥볶음밥', '떡볶이', '초계국수', '무피클', '포기김치', '멕시칸샐러드']"
818,2019-06-12,"['잡곡밥', '비엔나볶음', '셀프무쌈말이', '매운버섯국', '갈치구이', '포기김치', '쌀밥']"
819,2019-06-13,"['오므라이스', '만두튀김', '열무김치', '가쯔오장국', '훈제오리냉채', '과일']"
820,2019-06-14,"['미트볼케찹조림', '양배추쌈*쌈장', '새싹두부구이', '잡곡밥', '동태탕', '포기김치', '쌀밥']"
821,2019-06-17,"['브로컬리*초장', '모듬소세지구이', '열무김치', '잡곡밥', '류산슬', '콩나물김치국', '쌀밥']"
822,2019-06-18,"['해물까스*칠리소스', '유부장국', '베이컨볶음밥', '과일', '포기김치', '야채샐러드', '토마토스파게티']"
823,2019-06-19,"['된장찌개', '잡곡밥', '옥수수전', '포기김치', '청포묵무침', '닭갈비', '쌀밥']"
824,2019-06-20,"['깍두기', '단호박팥찜', '궁중떡볶음', '잡곡밥', '유린기', '뼈감자탕', '쌀밥']"
825,2019-06-21,"['쇠고기샤브국', '잡곡밥', '미니야채떡갈비', '어묵피망볶음', '포기김치', '콩나물무침', '쌀밥']"
826,2019-06-24,"['오징어굴소스볶음', '잡곡밥', '모둠버섯구이', '오이무침', '포기김치', '쌀밥', '소고기매운무국']"
827,2019-06-25,"['짬뽕', '단무지', '중국식볶음밥', '고추잡채*꽃빵', '과일샐러드', '포기김치']"
828,2019-06-26,['없음']
829,2019-06-27,"['빠에야', '올챙이만두국', '소고기퀘사디아', '무피클', '포기김치', '하와이안샐러드']"
830,2019-06-28,"['아욱국', '잡곡밥', '돈육강정', '고기전', '도토리묵무침', '포기김치', '쌀밥']"
831,2019-07-01,"['고등어구이', '메추리알조림', '차돌된장찌개', '잡곡밥', '노각무침', '포기김치', '쌀밥']"
832,2019-07-02,"['생선까스*탈탈소스', '꼬마김밥*겨자장', '우동', '음료', '포기김치', '멕시칸샐러드']"
833,2019-07-03,"['잡곡밥', '야채스틱*쌈장', '돈육간장볶음', '두부구이*양념장', '근대국', '포기김치', '쌀밥']"
834,2019-07-04,"['깍두기', '만두찜', '냉모밀국수', '해물부추전', '수박', '베이컨김치볶음밥']"
835,2019-07-05,"['양념깻잎지', '잡곡밥', '배추된장국', '레몬탕수육', '포기김치', '실곤약흑임자무침', '쌀밥']"
836,2019-07-08,"['콩나물국', '잡곡밥', '모듬소시지구이', '해물누룽지탕', '미역레몬초무침', '포기김치', '쌀밥']"
837,2019-07-09,"['무피클', '멸치주먹밥', '케이준샐러드', '잔치국수', '포기김치', '단호박범벅']"
838,2019-07-10,"['육개장', '깍두기', '잡곡밥', '계란말이', '가자미튀김', '오이생채', '쌀밥']"
839,2019-07-11,"['언양식불고기', '잡곡밥', '들깨미역국', '포기김치', '콩나물무침', '오징어초무침', '쌀밥']"
840,2019-07-12,"['소고기장조림', '된장찌개', '잡곡밥', '마늘쫑무침', '비엔나케찹볶음', '포기김치', '쌀밥']"
841,2019-07-15,"['실곤약초무침', '잡곡밥', '시래기들개탕', '오징어볶음*소면', '고기전', '포기김치', '쌀밥']"
842,2019-07-16,"['떡볶이', '군만두', '유부초밥', '수박', '콩국수', '포기김치']"
843,2019-07-17,"['두부김치국', '돼지고기장조림', '열무김치', '잡곡밥', '야채계란찜', '꽃상추무침', '쌀밥']"
844,2019-07-18,"['브로컬리크림스프', '잡곡밥', '옛날왕돈가스', '찐옥수수', '무피클', '키위드레싱샐러드', '포기김치', '쌀밥']"
845,2019-07-19,"['해물겨자냉채', '안동찜닭', '간장깻잎지', '잡곡밥', '꽃게탕', '포기김치', '쌀밥']"
846,2019-07-22,"['오리불고기', '두부구이', '부추생채', '잡곡밥', '얼갈이국', '포기김치', '상추쌈', '쌀밥']"
847,2019-07-23,"['맑은국', '음료', '해물볶음우동', '나초콥샐러드', '포기김치', '김밥']"
848,2019-07-24,"['열무김치', '된장찌개', '잡곡밥', '새송이버섯전', '비름나물', '대패삼겹*파채', '쌀밥']"
849,2019-07-25,"['유부주머니국', '콘치즈오븐구이', '단무지무침', '파인애플볶음밥', '사천식탕수육', '포기김치']"
850,2019-07-26,"['돈육매콤조림', '토마토시금치달걀볶음', '잡곡밥', '맑은연두부탕', '콩조림', '배추겉절이', '쌀밥']"
851,2019-07-29,"['버섯불고기', '미역줄기볶음', '잡곡밥', '닭살겨자냉채', '무채국', '포기김치', '쌀밥']"
852,2019-07-30,"['꽃맛살샐러드', '유부장국', '깍두기', '김치볶음밥', '탄두리치킨', '과일']"
853,2019-07-31,['없음']
854,2019-08-01,"['또띠아칩', '시저샐러드', '돈육강정', '음료', '참치주먹밥', '열무물국수', '포기김치']"
855,2019-08-02,"['고등어구이', '잡곡밥', '참나물생채', '매운버섯국', '두부스테이크', '포기김치', '쌀밥']"
856,2019-08-05,"['마파두부', '육개장', '잡곡밥', '상추파무침', '포기김치', '쌀밥', '꽁치오븐구이']"
857,2019-08-06,"['미소장국', '감자튀김', '로제파스타', '양배추샐러드', '무피클', '포기김치', '해물굴소스볶음밥']"
858,2019-08-07,"['잡곡밥', '도라지생채', '돈육장조림', '콩나물겨자채', '포기김치', '쌀밥', '콩가루배추국']"
859,2019-08-08,"['김치말이국수', '열무김치', '야채볶음밥', '닭오븐구이', '키위드레싱샐러드', '아오리사과']"
860,2019-08-09,"['두부구이', '깍두기', '등뼈김치찜', '잡곡밥', '얼갈이국', '참나물생채', '쌀밥']"
861,2019-08-12,"['치킨무', '잡곡밥', '오징어야채무침', '양념치킨', '북어해장국', '포기김치', '쌀밥']"
862,2019-08-13,"['유부장국', '깍두기', '제육김치덮밥', '김말이강정', '양상추샐러드', '까르보나라떡볶이']"
863,2019-08-14,"['사과오이냉국', '잡곡밥', '오징어볶음*소면', '두반장가지나물', '생선가스', '포기김치', '쌀밥']"
864,2019-08-16,"['돈육굴소스볶음', '해물짬뽕국', '열무김치', '잡곡밥', '멸치볶음', '쇠고기두부찜', '쌀밥']"
865,2019-08-19,"['땅콩조림', '깍두기', '안동찜닭', '잡곡밥', '셀프무쌈말이', '콩나물김치국', '쌀밥']"
866,2019-08-20,"['해물까스*칠리소스', '콥샐러드', '냉모밀국수', '음료', '유부초밥', '단무지', '포기김치']"
867,2019-08-21,"['잡곡밥', '북어해장국', '녹두전', '소고기낙지볶음', '무생채', '포기김치', '쌀밥']"
868,2019-08-22,"['과일요거트샐러드', '무피클', '탕수육', '목살필라프', '포기김치', '꼬지어묵국']"
869,2019-08-23,"['감자채볶음', '동파삼겹수육', '열무김치', '잡곡밥', '건새우아욱된장국', '쫑상추무침', '쌀밥']"
870,2019-08-26,"['잡곡밥', '돈육간장볶음', '계란찜', '매운버섯국', '포기김치', '청경채무침', '쌀밥']"
871,2019-08-27,"['깍두기', '새우튀김우동', '부추만두', '수제오이피클', '베이컨김치볶음밥', '찹쌀순대볶음']"
872,2019-08-28,['없음']
873,2019-08-29,"['오므라이스', '가쯔오장국', '음료', '소고기퀘사디아', '포기김치', '멕시칸샐러드']"
874,2019-08-30,"['치커리무침', '마늘치킨', '동그랑땡전', '잡곡밥', '포기김치', '들깨버섯국', '쌀밥']"
875,2019-09-02,"['콩나물국', '잡곡밥', '파닭', '무생채', '두부계란부침', '포기김치', '쌀밥']"
876,2019-09-03,"['빠에야', '고구마맛탕', '음료', '단무지', '쌀국수', '포기김치', '치킨샐러드']"
877,2019-09-04,"['참치김치찌개', '매운어묵볶음', '깍두기', '잡곡밥', '돈육강정', '계란찜', '쌀밥']"
878,2019-09-05,"['꽃맛살샐러드', '미니햄버거', '김치어묵국', '야채튀김', '포기김치', '김밥']"
879,2019-09-06,"['포기김치', '고추장찌개', '단배추겉절이', '잡곡밥', '맛살냉채', '쌀밥', '소고기숙주볶음']"
880,2019-09-09,"['황태해장국', '잡곡밥', '두부구이*양념장', '참나물땅콩무침', '포기김치', '닭갈비', '쌀밥']"
881,2019-09-10,"['깍두기', '시리얼과일샐러드', '크림스프', '김치필라프', '수제피클', '토마토스파게티']"
882,2019-09-11,"['김자반', '잡곡밥', '해물된장찌개', '고추잡채*꽃빵', '명태조림', '포기김치', '쌀밥']"
883,2019-09-16,"['유채나물', '참치김치찌개', '잡곡밥', '새송이버섯전', '치즈함박스테이크', '배추겉절이', '쌀밥']"
884,2019-09-17,"['미소장국', '또띠아피자', '모둠과일', '참치덮밥', '포기김치', '락교']"
885,2019-09-18,"['쇠고기숙주볶음', '잡곡밥', '두부매콤조림', '수제비국', '오이무침', '포기김치', '쌀밥']"
886,2019-09-19,"['오징어젓무침', '석박지', '과일', '잡곡밥', '야채스틱', '김치전', '쌀밥', '설렁탕']"
887,2019-09-20,"['얼큰소고기무국', '탕평채', '안동찜닭', '잡곡밥', '아삭고추된장무침', '포기김치', '쌀밥']"
888,2019-09-23,"['고등어구이', '모듬소세지볶음', '육개장', '오이사과생채', '잡곡밥', '포기김치', '쌀밥']"
889,2019-09-24,"['잡곡밥', '메밀전병만두', '닭볶음탕', '참나물생채', '배추겉절이', '무채국', '쌀밥']"
890,2019-09-25,['없음']
891,2019-09-26,"['짜장소스', '시저샐러드', '계란국', '음료', '단무지', '깐풍기', '볶음밥', '포기김치']"
892,2019-09-27,"['아욱국', '잡곡밥', '돈육간장볶음', '무나물', '닭살겨자채', '포기김치', '쌀밥']"
893,2019-09-30,"['양배추쌈*쌈장', '잡곡밥', '오징어볶음', '고기전', '포기김치', '버섯들깨탕', '쌀밥']"
894,2019-10-02,"['마파두부', '열무된장국', '잡곡밥', '오이맛살초무침', '쇠고기장조림', '포기김치', '쌀밥']"
895,2019-10-04,"['순두부찌개', '잡곡밥', '계란찜', '함박스테이크', '포기김치', '콩나물무침', '쌀밥']"
896,2019-10-07,"['갈치구이', '잡곡밥', '셀프무쌈말이', '닭개장', '비엔나케찹볶음', '포기김치', '쌀밥']"
897,2019-10-08,"['깍두기', '새우튀김우동', '고구마치즈구이', '김치볶음밥', '홍시드레싱샐러드', '오이피클']"
898,2019-10-10,"['꽃맛살샐러드', '쇠고기퀘사디아', '음료', '참치주먹밥', '단무지', '잔치국수', '포기김치']"
899,2019-10-11,"['쇠고기샤브국', '견과류조림', '잡곡밥', '양념깻잎지', '탕수어', '포기김치', '쌀밥']"
900,2019-10-14,"['참치김치찌개', '잡곡밥', '계란말이', '주꾸미볶음', '쫑상추무침', '포기김치', '쌀밥']"
901,2019-10-15,"['유부주머니국', '깍두기', '야채쫄면무침', '야채볶음밥', '통새우또띠아', '과일']"
902,2019-10-16,"['모듬소세지구이', '꽁치구이', '된장찌개', '잡곡밥', '오이무침', '포기김치', '쌀밥']"
903,2019-10-17,"['간장깻잎지', '닭매운찜', '떡만두국', '콘샐러드', '김치전', '포기김치', '쌀밥']"
904,2019-10-18,"['애호박나물', '후르츠탕수육', '잡곡밥', '부대찌개', '포기김치', '오징어초무침', '쌀밥']"
905,2019-10-21,"['포기김치', '언양식불고기', '도라지오이무침', '잡곡밥', '맛살냉채', '쌀밥', '어묵국']"
906,2019-10-22,"['김말이튀김', '떡볶이', '음료', '배추겉절이', '잔치국수', '김밥']"
907,2019-10-23,"['부추호박전', '브로콜리*초장', '열무된장국', '소고기버섯볶음', '잡곡밥', '포기김치', '쌀밥']"
908,2019-10-24,"['무우짱아찌', '맑은국', '흑임자시금치샐러드', '돈육간장강정', '포기김치', '해물굴소스볶음밥']"
909,2019-10-25,"['아삭고추무침', '잡곡밥', '류산슬', '비엔나감자조림', '차돌박이찌개', '포기김치', '쌀밥']"
910,2019-10-28,"['치커리무침', '잡곡밥', '짬뽕국', '고기전', '가자미카레튀김', '포기김치', '쌀밥']"
911,2019-10-29,"['오므라이스', '꼬들단무지', '미니우동', '닭오븐구이', '고구마튀김', '포기김치']"
912,2019-10-30,['없음']
913,2019-10-31,"['미소장국', '또띠아피자', '꽃맛살샐러드', '참치회덮밥', '포기김치', '과일', '락교']"
914,2019-11-01,"['떡국', '깍두기', '잡곡밥', '참나물생채', '해물김치전', '돈육장조림', '쌀밥']"
915,2019-11-04,"['열무된장국', '잡곡밥', '닭살겨자냉채', '마늘쫑무침', '함박스테이크', '포기김치', '쌀밥']"
916,2019-11-05,"['깍두기', '해물수제비', '오징어숙회무침', '오복지', '멸치주먹밥', '야채튀김']"
917,2019-11-06,"['잡곡밥', '황태양념구이', '닭개장', '고추잡채*꽃빵', '포기김치', '톳두부무침', '쌀밥']"
918,2019-11-07,"['해쉬포테이토*케찹', '계란국', '로제파스타', '양배추샐러드', '목살필라프', '포기김치']"
919,2019-11-08,"['두부양념조림', '들깨시래기국', '잡곡밥', '배추겉절이', '무생채', '대패삼겹*파채', '쌀밥']"
920,2019-11-11,"['두부구이', '부추생채', '쌈무', '잡곡밥', '얼갈이국', '훈제오리불고기', '포기김치', '쌀밥']"
921,2019-11-12,"['쇠고기퀘사디아', '유부초밥', '단무지', '사과푸딩', '쌀국수', '포기김치']"
922,2019-11-13,"['고등어구이', '잡곡밥', '등갈비바베큐조림', '해물순두부찌개', '오이생채', '포기김치', '쌀밥']"
923,2019-11-14,"['오징어젓무침', '석박지', '과일', '잡곡밥', '야채스틱', '부추전', '쌀밥', '설렁탕']"
924,2019-11-15,"['열무김치', '잡곡밥', '꽃상추무침', '부대찌개', '새송이버섯볶음', '소불고기', '쌀밥']"
925,2019-11-18,"['열무된장국', '양배추쌈*쌈장', '잡곡밥', '짬뽕불고기', '포기김치', '버섯들깨나물', '쌀밥']"
926,2019-11-19,"['통새우김밥', '딸기드레싱샐러드', '우동', '양배추피클', '포기김치', '찹쌀순대볶음']"
927,2019-11-20,"['잡곡밥', '얼갈이된장국', '상추파무침', '어묵꽈리고추볶음', '포기김치', '삼겹살구이', '쌀밥']"
928,2019-11-21,"['깍두기', '단호박팥찜', '궁중떡볶음', '잡곡밥', '유린기', '뼈감자탕', '쌀밥']"
929,2019-11-22,"['쇠고기샤브국', '열무김치', '잡곡밥', '모듬묵*장', '미트볼조림', '맛살전', '쌀밥']"
930,2019-11-25,"['무말랭이', '잡곡밥', '배추겉절이', '김치전', '삼겹보쌈', '미역국', '쌀밥']"
931,2019-11-26,"['수제고로케', '크림카레우동', '가쯔오장국', '닭갈비볶음밥', '포기김치', '오이피클']"
932,2019-11-27,['없음']
933,2019-11-28,"['참치주먹밥', '단무지', '잔치국수', '과일샐러드', '포기김치', '오징어튀김']"
934,2019-11-29,"['굴비구이', '잡곡밥', '셀프무쌈말이', '비엔나케찹볶음', '포기김치', '쌀밥', '소고기무국']"
935,2019-12-02,"['잡곡밥', '옹심이만두국', '오징어볶음', '물미역초무침', '두부계란부침', '포기김치', '쌀밥']"
936,2019-12-03,"['작은밥', '계란국', '미니햄버거', '고구마맛탕', '짜장면', '오복지무침', '포기김치']"
937,2019-12-04,"['물파래전', '잡곡밥', '돈육강정', '매운버섯국', '오이사과무침', '포기김치', '쌀밥']"
938,2019-12-05,"['꼬마김밥*겨자장', '무피클', '우동', '케이준샐러드', '포기김치', '단호박범벅']"
939,2019-12-06,"['실곤약초무침', '잡곡밥', '건파래무침', '함박스테이크', '연두부탕', '포기김치', '쌀밥']"
940,2019-12-09,"['매운어묵볶음', '참나물땅콩가루무침', '닭데리야끼조림', '감자국', '잡곡밥', '포기김치', '쌀밥']"
941,2019-12-10,"['참치마요덮밥', '해물떡볶이', '단무지무침', '꼬지어묵탕', '키위드레싱샐러드', '포기김치']"
942,2019-12-11,"['주꾸미초무침', '김구이', '열무김치', '버섯불고기', '잡곡밥', '북어계란국', '쌀밥']"
943,2019-12-12,"['또띠아피자', '맑은국', '장아찌', '깐풍육', '새우볶음밥', '피크닉', '포기김치']"
944,2019-12-13,"['미니떡갈비조림', '유채나물', '고추장찌개', '잡곡밥', '해물동그랑땡', '포기김치', '쌀밥']"
945,2019-12-16,"['황태국', '오이도라지생채', '잡곡밥', '계란말이', '양념치킨', '포기김치', '쌀밥']"
946,2019-12-17,"['복주머니딤섬*장', '요플레', '야채튀김', '잔치국수', '포기김치', '야채주먹밥']"
947,2019-12-18,"['브로컬리새우전', '열무김치', '잡곡밥', '돈육간장볶음', '김치국', '연근샐러드', '쌀밥']"
948,2019-12-19,"['오징어젓무침', '석박지', '과일', '잡곡밥', '해물전', '야채스틱', '쌀밥', '설렁탕']"
949,2019-12-20,"['잡곡밥', '오징어볶음*소면', '모듬묵*장', '계란찜', '부대찌개', '포기김치', '쌀밥']"
950,2019-12-23,"['땅콩조림', '잡곡밥', '고기전', '주꾸미볶음', '닭개장', '포기김치', '쌀밥']"
951,2019-12-24,"['감자튀김', '크림스프', '굴소스볶음밥', '요구르트', '마늘빵', '수제오이피클', '포기김치', '토마토스파게티']"
952,2019-12-26,"['빠에야', '새우또띠아', '양배추샐러드', '군고구마', '쌀국수', '포기김치']"
953,2019-12-27,"['굴비구이', '아삭고추무침', '잡곡밥', '배추겉절이', '매운버섯국', '버섯잡채', '쌀밥']"
954,2019-12-30,"['고등어구이', '마파두부', '잡곡밥', '무생채', '포기김치', '쌀밥', '소고기무국']"
955,2019-12-31,['없음']
956,2020-01-02,"['생선까스*탈탈소스', '(쌀:국내산,돈육:국내', '맑은국', '카레라이스', '오복지무침', '포기김치', '멕시칸샐러드']"
957,2020-01-03,"['실곤약초무침', '세발나물', '잡곡밥', '수제비국', '돈육장조림', '포기김치', '쌀밥']"
958,2020-01-06,"['열무된장국', '잡곡밥', '모듬소시지구이', '해물누룽지탕', '미역레몬초무침', '포기김치', '쌀밥']"
959,2020-01-07,"['단무지무침', '우동', '참치주먹밥', '새우까스*칠리소스', '고구마샐러드', '포기김치']"
960,2020-01-08,"['애호박나물', '잡곡밥', '계란찜', '주꾸미볶음', '포기김치', '쌀밥', '소고기무국']"
961,2020-01-09,"['작은밥', '양송이스프', '모닝빵', '수제피클', '양배추샐러드', '옛날돈가스', '포기김치']"
962,2020-01-10,"['청국장찌개', '소고기장조림', '잡곡밥', '청경채겉절이', '김치전', '포기김치', '쌀밥']"
963,2020-01-13,"['유채나물', '잡곡밥', '계란찜', '배추겉절이', '돈육김치찌개', '쌀밥', '소고기숙주볶음']"
964,2020-01-14,"['떡볶이', '군만두', '음료', '유부초밥', '쌀국수', '포기김치', '귤']"
965,2020-01-15,"['쌈무', '잡곡밥', '돈육고추장볶음', '파채*소스', '포기김치', '쌀밥', '잡채', '시금치국']"
966,2020-01-16,"['팽이장국', '쇠고기볶음밥', '쫄면야채무침', '바나나', '탕수육', '포기김치']"
967,2020-01-17,"['미니떡갈비조림', '참나물겉절이', '잡곡밥', '짬뽕국', '포기김치', '매생이전', '쌀밥']"
968,2020-01-20,"['간장불고기', '만두국', '잡곡밥', '옥수수전', '배추겉절이', '물파래무침', '쌀밥']"
969,2020-01-21,"['감자만두', '딸기드레싱샐러드', '스팸주먹밥', '무피클', '해물칼국수', '포기김치']"
970,2020-01-22,"['주꾸미삼겹살볶음', '된장찌개', '잡곡밥', '얼갈이나물', '셀프무쌈말이', '포기김치', '쌀밥']"
971,2020-01-23,"['쌈장', '부추생채', '해물파전', '고추,양파', '석박지', '잡곡밥', '귤', '뼈감자탕', '쌀밥']"
972,2020-01-28,"['오므라이스', '미소장국', '감자튀김', '석박지', '단무지무침', '깐풍육']"
973,2020-01-29,['없음']
974,2020-01-30,"['수제고로케', '우동', '콘샐러드', '참치회덮밥', '포기김치', '락교']"
975,2020-01-31,"['매운콩나물국', '양념깻잎지', '잡곡밥', '돈육장조림', '맛살전', '포기김치', '쌀밥']"
976,2020-02-03,"['시래기국', '연두부*양념장', '잡곡밥', '유린기', '물파래무침', '포기김치', '쌀밥']"
977,2020-02-04,"['매쉬드포테이토', '해물까스', '멸치주먹밥', '무피클', '잔치국수', '포기김치']"
978,2020-02-05,"['가지나물', '잡곡밥', '오징어볶음', '배추겉절이', '닭곰탕', '오꼬노미야끼계란말이', '쌀밥']"
979,2020-02-06,"['카레덮밥', '맑은국', '단무지무침', '쫄면야채무침', '야채튀김', '포기김치']"
980,2020-02-07,"['시래기조림', '동그랑땡전', '콩나물국', '잡곡밥', '제육볶음', '포기김치', '쌀밥']"
981,2020-02-10,"['들깨버섯탕', '잡곡밥', '시금치프리타타', '고추잡채&꽃빵', '청경채겉절이', '포기김치', '쌀밥']"
982,2020-02-11,"['꽃맛살샐러드', '짜장잡채덮밥', '계란파국', '오이사과무침', '포기김치', '참치야채전']"
983,2020-02-12,"['육개장', '잡곡밥', '류산슬', '연근튀김*칠리소스', '시금치나물', '포기김치', '쌀밥']"
984,2020-02-13,"['오징어젓무침', '석박지', '과일', '잡곡밥', '야채스틱', '부추전', '쌀밥', '설렁탕']"
985,2020-02-14,"['열무김치', '잡곡밥', '수제돈가스&소스', '맛살냉채', '애호박새우젓볶음', '김치찌개', '쌀밥']"
986,2020-02-17,"['취나물', '깍두기', '안동찜닭', '잡곡밥', '대구탕', '해물김치전', '쌀밥']"
987,2020-02-18,"['통새우김밥', '우동', '수제피클', '키위드레싱샐러드', '포기김치', '계란떡볶이']"
988,2020-02-19,"['양배추쌈*쌈장', '순두부찌개', '잡곡밥', '닭가슴살냉채', '해물누룽지탕', '배추겉절이', '쌀밥']"
989,2020-02-20,"['맑은국', '새우까스*와사비소스', '메추리알조림', '오복지무침', '파인애플볶음밥', '포기김치']"
990,2020-02-21,"['고등어구이', '잡곡밥', '부추겉절이', '닭개장', '두부스테이크', '포기김치', '쌀밥']"
991,2020-02-24,"['비엔나케찹볶음', '잡곡밥', '셀프무쌈말이', '가자미카레튀김', '포기김치', '쌀밥', '소고기무국']"
992,2020-02-25,"['김치말이국수', '야채볶음밥', '소고기퀘사디아', '무피클', '포기김치', '멕시칸샐러드']"
993,2020-02-26,['없음']
994,2020-02-27,"['작은밥', '개성감자만두', '계란국', '단무지', '짜장면', '사천식탕수육', '포기김치']"
995,2020-02-28,"['돼지갈비찜', '콩나물국', '잡곡밥', '옥수수전', '청경채생채', '포기김치', '쌀밥']"
996,2020-03-02,"['쑥된장국', '어묵볶음', '잡곡밥', '봄동쌈', '포기김치', '삼겹살구이', '쌀밥']"
997,2020-03-03,"['유부장국', '콥샐러드', '오이무피클', '김치볶음밥', '로제스파게티', '포기김치']"
998,2020-03-04,"['잡곡밥', '시금치프리타타', '해물된장찌개', '취나물된장볶음', '포기김치', '미니채소떡갈비', '쌀밥']"
999,2020-03-05,"['유부초밥', '시금치샐러드', '야채튀김', '포기김치', '순대야채볶음', '칼국수']"
1000,2020-03-06,"['생파김치', '모듬버섯탕수육', '잡곡밥', '두부조림', '포기김치', '나가사키짬뽕국', '쌀밥']"
1001,2020-03-09,"['콩나물파채무침', '잡곡밥', '두부새싹구이', '포기김치', '쌀밥', '동파육', '콩가루배추국']"
1002,2020-03-10,"['멘보샤*칠리S', '유산슬덮밥', '미나리나물무침', '계란파국', '짜샤이볶음', '포기김치']"
1003,2020-03-11,"['등갈비오븐구이', '쫄면비빔만두', '잡곡밥', '키위그린샐러드', '부대찌개', '포기김치', '쌀밥']"
1004,2020-03-12,"['메추리알치즈떡볶이', '건파래볶음', '버섯영양밥*우렁양념장', '물만두국', '얼갈이나물된장무침', '포기김치']"
1005,2020-03-13,"['청국장찌개', '해물동그랑땡전', '잡곡밥', '닭불고기', '포기김치', '오이쑥갓겉절이', '쌀밥']"
1006,2020-03-16,"['열무된장국', '잡곡밥', '수수부꾸미', '묵은지닭찜', '무생채', '포기김치', '쌀밥']"
1007,2020-03-17,"['해물손수제비', '달래오이생채', '포기김치', '쌀밥', '낙지젓무침', '미트볼피망볶음']"
1008,2020-03-18,"['간장계란장', '깍두기', '참나물들깨무침', '잡곡밥', '코다리강정', '돈육김치찌개', '쌀밥']"
1009,2020-03-19,"['옛날돈까스', '팽이장국', '콘치즈구이', '수제피클', '포기김치', '오렌지', '쌀밥']"
1010,2020-03-20,"['고등어구이', '부추팽이겉절이', '(돈육:국내,수입,', '잡곡밥', '치즈함박스테이크', '건새우아욱국', '쇠고기:국산,호주)', '포기김치', '쌀밥']"
1011,2020-03-23,"['한식잡채', '파김치', '잡곡밥', '닭개장', '삼치튀김*데리야끼', '포기김치', '쌀밥']"
1012,2020-03-24,"['오므라이스', '과일플레인샐러드', '단무지무침', '돈육고구마강정', '가쯔오장국', '포기김치']"
1013,2020-03-25,"['찹쌀밥', '장각닭죽', '생야채*쌈짱', '하루야채주스', '포기김치', '오렌지']"
1014,2020-03-26,"['꽃맛살샐러드', '요구르트', '우동', '해물까스*와사비소스', '멸치주먹밥', '무피클', '포기김치']"
1015,2020-03-27,"['언양식불고기', '잡곡밥', '꽁치감자조림', '봄동겉절이', '포기김치', '쌀밥', '시금치국']"
1016,2020-03-30,"['청포묵무침', '잡곡밥', '배추겉절이', '무채국', '두부카프레제샐러드', '더덕고추장불고기', '쌀밥']"
1017,2020-03-31,"['석박지', '오징어어묵무침', '충무김밥', '단무지', '메밀국수', '베리베리퐁당요플레']"
1018,2020-04-01,"['브로컬리*초장', '쇠고기샤브국', '잡곡밥', '통마늘너비아니조림', '녹두빈대떡', '포기김치', '쌀밥']"
1019,2020-04-02,"['바게뜨', '크림스프', '비프스파게티', '마늘베이컨볶음밥', '사과양상추샐러드', '포기김치']"
1020,2020-04-03,"['참치김치찌개', '잡곡밥', '무채유자무침', '배추겉절이', '소고기메추리알장조림', '맛살냉채', '쌀밥']"
1021,2020-04-06,"['칠리미트볼조림', '잡곡밥', '배추된장국', '김치미나리전', '포기김치', '도토리묵무침', '쌀밥']"
1022,2020-04-07,"['참치마요덮밥', '고구마떡볶이', '단무지무침', '자몽샐러드', '포기김치', '어묵국']"
1023,2020-04-08,"['부대찌개&쫄면사리', '감자전', '꽁치한마리구이', '잡곡밥', '청경채김치', '포기김치', '쌀밥']"
1024,2020-04-09,"['무피클', '가쓰오장국', '스팸볶음밥', '옥수수볼맛탕', '포기김치', '삼겹살야채비빔면']"
1025,2020-04-10,"['매운돼지갈비찜', '멸치견과류볶음', '된장찌개', '잡곡밥', '그린빈베이컨볶음', '포기김치', '쌀밥']"
1026,2020-04-13,"['순두부찌개', '잡곡밥', '돈육두릅장조림', '오이무침', '맛살전', '포기김치', '쌀밥']"
1027,2020-04-14,"['작은밥', '맑은국', '칠리베이비크랩', '단무지', '시금치흑임자샐러드', '고추짜장', '포기김치', '백종원의']"
1028,2020-04-16,"['미소장국', '닭봉오븐구이', '수제오이피클', '그린요거트샐러드', '불고기필라프', '포기김치']"
1029,2020-04-17,"['뼈없는감자탕', '잡곡밥', '야채부케*쌈장', '달래새우전', '오징어젓갈무침', '포기김치', '쌀밥']"
1030,2020-04-20,"['마파두부', '고등어카레구이', '잡곡밥', '돈육김치찌개', '포기김치', '콩나물파채무침', '쌀밥']"
1031,2020-04-21,"['잡곡밥', '오리훈제마늘볶음', '코다리강정', '오이소박이', '무쌈깻잎', '두부미소된장국', '포기김치', '쌀밥']"
1032,2020-04-22,"['굴미역국', '쪽파김무침', '잡곡밥', '오삼불고기', '스팸,깻잎전', '포기김치', '쌀밥']"
1033,2020-04-23,"['조갯살아욱국', '잡곡밥', '삼치데리야끼', '함박스테이크', '포기김치', '청포묵야채무침', '쌀밥']"
1034,2020-04-24,"['꼬치어묵떡볶이', '나가사끼짬뽕국*라면', '짜사이채무침', '잡곡밥', '포기김치', '순대야채볶음', '쌀밥']"
1035,2020-04-27,"['꿔바로우탕수육*소스', '해파리냉채', '깍두기', '(지단.김가루)', '잡곡밥', '감자만두국', '꽃삼겹김치찜', '토마토설탕절인', '(삼겹에김치를말아서)', '쌀밥']"
1036,2020-04-28,"['황태미역국', '두부', '(대추,표고,밤)', '매운돈갈비찜', '무생채', '유채나물된장무침', '김치볶음', '쌀밥']"
1037,2020-04-29,"['연근흑임자샐러드', '배추김치', '홍합무우국', '로제찜닭*마늘빵', '잡곡밥', '계란장조림', '(2', '숙주미나리무침', '1컷팅해서-고명)', '쌀밥']"
1038,2020-05-04,"['짠지오이무침', '요구르트', '잡곡밥', '돈채호박볶음', '다슬기아욱국', '포기김치', '갈릭파닭', '쌀밥']"
1039,2020-05-06,"['루꼴라샐러드', '망고주스', '치킨텐더', '쫑상추새콤무침', '땡초주먹밥', '포기김치', '근대두부된장국']"
1040,2020-05-07,"['잡곡밥', '섬초무침', '배추겉절이', '수제어묵볶음', '고추가루:중국산)', '조기구이', '우삼겹부대찌개', '쌀밥']"
1041,2020-05-08,"['유부된장국', '요구르트', '계란후라이', '취나물무침', '김치볶음밥', '포기김치', '새우로제파스타']"
1042,2020-05-11,"['가쓰오장국', '파인애플주스', '새우미역초무침', '닭윙강정튀김', '부채살오므라이스', '포기김치']"
1043,2020-05-12,"['*도시락김', '안동찜닭', '잡곡밥', '가자미구이', '브로컬리초회', '전주식콩나물국', '포기김치', '쌀밥']"
1044,2020-05-13,"['오이선', '닭가슴살장조림', '물만두탕수*소스', '잡곡밥', '얼큰동태탕', '포기김치', '쌀밥']"
1045,2020-05-14,"['잡곡밥', '어묵잡채볶음', '삼선짬뽕국*칼국수', '배추겉절이', '고추가루:중국산)', '참나물무침', '쌀밥', '춘장돈육볶음']"
1046,2020-05-15,"['동그랑땡전', '매운등뼈조림', '잡곡밥', '계란파국', '부추팽이무침', '포기김치', '쌀밥']"
1047,2020-05-18,"['깻잎전', '아욱국', '잡곡밥', '깐풍기', '포기김치', '사과오이생채', '쌀밥']"
1048,2020-05-19,"['모듬어묵탕', '꽃맛살샐러드', '계란김밥', '깍두기', '고구마맛탕', '음료', '배']"
1049,2020-05-20,"['고등어구이', '잡곡밥', '매운버섯국', '치커리깨소스무침', '포기김치', '돈육잡채', '쌀밥']"
1050,2020-05-21,"['또띠아피자', '야채볶음밥', '김치우동', '수제오이피클', '비타민흑임자샐러드', '포기김치']"
1051,2020-05-22,"['샐러리샐러드', '된장찌개', '잡곡밥', '김구이*양념장', '포기김치', '고구마까스*소스', '쌀밥']"
1052,2020-05-25,"['잡곡밥', '해물누룽지탕', '김치고기전', '매운콩나물무침', '포기김치', '소고기된장찌개', '쌀밥']"
1053,2020-05-26,"['미소장국', '김밥볶음밥', '상추부추무침', '로제파스타', '회오리감자', '포기김치']"
1054,2020-05-27,"['돼지갈비찜', '도토리묵냉국', '잡곡밥', '오이도라지무침', '감자프리타타', '포기김치', '쌀밥']"
1055,2020-05-28,"['돼지국밥', '잡곡밥', '음료', '야채스틱', '고추튀김', '부추무침', '포기김치', '쌀밥']"
1056,2020-05-29,"['닭가슴살겨자무침', '가지나물', '잡곡밥', '메밀전병만두', '해물순두부국', '포기김치', '쌀밥']"
1057,2020-06-01,"['감자채볶음', '청국장찌개', '소고기불고기', '잡곡밥', '실곤약야채무침', '포기김치', '쌀밥']"
1058,2020-06-02,"['새우튀김우동', '유부초밥', '단무지', '찐옥수수', '과일샐러드', '포기김치']"
1059,2020-06-03,"['잡곡밥', '류산슬', '비엔나감자구이', '미역초무침', '닭곰탕', '포기김치', '쌀밥']"
1060,2020-06-04,"['브로컬리오징어숙회', '부추오리엔탈무침', '감자국', '잡곡밥', '미트볼조림', '포기김치', '쌀밥']"
1061,2020-06-05,"['도토리묵야채무침', '오징어국', '잡곡밥', '멸치볶음', '매운닭찜', '포기김치', '쌀밥']"
1062,2020-06-08,"['잡곡밥', '햄계란말이', '청경채생채', '김치두부국', '포기김치', '갈치튀김', '쌀밥']"
1063,2020-06-09,"['양상추메추리알샐러드', '요구르트', '콩나물국', '미니돈까스', '포기김치', '삼겹살마늘볶음밥', '꽈배기도너츠']"
1064,2020-06-10,"['동태포전', '잡곡밥', '돈육간장볶음', '근대국', '치커리배생채', '포기김치', '쌀밥']"
1065,2020-06-11,"['초계국수', '코코넛새우튀김', '음료', '야채볶음밥', '옥수수콘치즈', '포기김치']"
1066,2020-06-12,"['떡갈비조림', '무나물들깨볶음', '잡곡밥', '쫄면무침', '부대찌개', '포기김치', '쌀밥']"
1067,2020-07-01,"['잡곡밥', '고갈비구이', '돈육김치찌개', '깐풍기', '가지된장무침', '포기김치', '쌀밥']"
1068,2020-07-02,"['김말이,고추튀김', '다시마채무초무침', '미니우동', '포기김치', '구슬떡볶이', '김밥']"
1069,2020-07-03,"['잡곡밥', '섭산적표고굴소스볶음', '김치어묵국', '매운콩나물무침', '케이준샐러드', '포기김치', '쌀밥']"
1070,2020-07-06,"['동태포전', '잡곡밥', '열무된장나물', '새송이버섯장조림', '스팸김치찌개', '포기김치', '쌀밥']"
1071,2020-07-07,"['오므라이스', '꽃맛살샐러드', '유부장국', '깐쇼새우', '채소피클*할라피뇨', '포기김치']"
1072,2020-07-08,"['치커리무침', '대구지리', '잡곡밥', '건파래볶음', '바베큐함박찹스테이크', '포기김치', '쌀밥']"
1073,2020-07-09,"['깍두기', '후리가케덮밥', '채소튀김*장', '양념고추지무침', '쇠고기우엉볶음', '잔치국수']"
1074,2020-07-10,"['된장찌개', '잡곡밥', '부들어묵볶음', '노각무침', '아귀콩나물찜', '포기김치', '쌀밥']"
1075,2020-07-13,"['쌈추전*간장', '잡곡밥', '오징어땅콩조림', '부추생채무침', '포기김치', '뼈감자탕', '쌀밥']"
1076,2020-07-14,"['잡곡밥', '볼어묵고추장볶음', '김치콩나물국', '닭카레볶음', '참나물무침', '포기김치', '쌀밥']"
1077,2020-07-15,"['잡곡밥', '돈육간장볶음', '꼬시래기초무침', '비빔만두', '유부주머니된장국', '갓김치', '쌀밥']"
1078,2020-07-16,"['매운계란파국', '잡곡밥', '오리훈제마늘볶음', '코다리강정', '돈나물오리엔탈무침', '포기김치', '쌀밥']"
1079,2020-07-17,"['들깨시래기국', '잡곡밥', '얼갈이된장무침', '묵은지닭찜', '미역줄기볶음', '포기김치', '쌀밥']"
1080,2020-07-20,"['짜사이볶음', '채소볶음밥&자장소스', '고기짬뽕국', '해물누룽지', '군만두*초간장', '포기김치']"
1081,2020-07-21,"['깍두기', '흑미밥', '고춧잎무침', '부대찌개', '감자채파프리카볶음', '생선까스*타르타르소스']"
1082,2020-07-22,"['우동국물', '가지나물', '유부초밥', '소떡소떡', '포기김치', '열무비빔국수']"
1083,2020-07-23,"['흑미밥', '김계란말이', '청경채겉절이', '나박물김치', '매운사태찜', '포기김치']"
1084,2020-07-24,"['만둣국', '갈치무조림', '상추무침', '흑미밥', '포기김치', '감자전']"
1085,2020-07-27,"['포기김치', '청국장찌개', '흑미밥', '섭산적고추장구이', '참나물무침', '느타리버섯볶음']"
1086,2020-07-28,"['석박지', '요구르트', '우육비빔냉면', '도넛츠', '비트채소절임', '추가밥', '사골파국', '숙주나물']"
1087,2020-07-29,"['흑미밥', '이색전(가지,애호박)*양념장', '오징어불고기', '포기김치', '생깻잎지', '참치파개장']"
1088,2020-07-30,"['샐러드*오리엔탈D', '크림스프', '타워함박스테이크', '추가밥', '도라지오이초무침', '포기김치', '알리오올리오파스타']"
1089,2020-07-31,"['짬뽕순두부찌개', '흑미밥', '꽁치양파조림', '노각무침', '취나물볶음', '포기김치']"
1090,2020-08-03,"['땅콩멸치조림', '탕평채', '흑미밥', '꽃게탕', '포기김치', '춘천닭갈비']"
1091,2020-08-04,"['석박지', '흑미밥', '쫄면채소무침', '고구마치즈돈까스', '계란파국', '미역줄기볶음']"
1092,2020-08-05,"['미소장국', '두부양념조림', '샤워크림새우', '오리훈제볶음밥', '부추팽이버섯생채무침', '포기김치']"
1093,2020-08-06,"['등심찹쌀꿔바로우', '흑미밥', '시금치초고추장무침', '감자만두국', '코다리무조림', '포기김치']"
1094,2020-08-07,"['꼬치어묵국', '순대찜*소금', '폭탄주먹밥', '매운떡볶이', '포기김치', '모둠튀김(만두*고추*통계란)']"
1095,2020-08-10,"['우동국물', '비빔채소만두', '포테이토오븐구이', '오이무침', '카레라이스', '포기김치']"
1096,2020-08-11,"['아욱국', '콘치즈', '흑미밥', '건파래볶음', '포기김치', '묵은지닭볶음탕']"
1097,2020-08-12,"['돈육고추장불고기', '채소쌈*쌈장', '흑미밥', '두부된장찌개', '포기김치', '청양해물파전']"
1098,2020-08-13,"['흑미밥', '삼치엿장구이', '감자햄조림', '깻순나물', '포기김치', '소고기무국']"
1099,2020-08-14,"['숙주고기짬뽕', '짜사이볶음', '계란볶음밥', '고추잡채', '포기김치', '연유꽃빵튀김']"
1100,2020-08-18,"['미소장국', '오이볶음', '석박지', '영양부추무침', '쇠고기규동덮밥', '숯불양념꼬치어묵']"
1101,2020-08-19,"['비빔칼국수', '청양멸치주먹밥', '새우만두*장', '유부우동국물', '포기김치', '콩나물무침']"
1102,2020-08-20,"['치킨까스*소스', '흑미밥', '연근조림', '취나물무침', '오징어무국', '포기김치']"
1103,2020-08-21,"['녹두빈대떡*장', '흑미밥', '브로콜리숙회', '갈치조림', '포기김치', '김치수제비국']"
1104,2020-08-24,"['팽이장국', '산채비빔밥', '고추튀김*장', '계란후라이', '주꾸미볶음', '포기김치']"
1105,2020-08-25,"['꼬시래기무침', '요구르트', '자반고등어구이', '흑미밥', '언양식바싹불고기', '감자고추장찌개', '포기김치']"
1106,2020-08-26,"['새우튀김*크림소스', '연두부*양념장', '흑미밥', '돈육가지두반장볶음', '냉메밀소바', '포기김치']"
1107,2020-08-27,"['토마토계란찜', '고들빼기무침', '잡채말이어묵국', '흑미밥', '오리훈제마늘볶음', '포기김치']"
1108,2020-08-28,"['흑미밥', '밀떡볶이', '아쿠아돈까스', '허니슈스트링감자', '포기김치', '생깻잎지', '콩가루배추국']"
1109,2020-08-31,"['감자채카레볶음', '흑미밥', '통고추쌈장무침', '김치두부국', '포기김치', '제육간장불고기']"
1110,2020-09-01,"['육개장', '가자미엿장구이', '흑미밥', '오꼬노미계란말이', '깍둑오이초무침', '포기김치']"
1111,2020-09-02,"['꼬들단무지무침', '요구르트', '흑미밥', '돈채표고버섯볶음', '닭볶음탕', '포기김치', '미역국']"
1112,2020-09-03,"['새우까스*소스', '꽈리고추찹쌀무침', '흑미밥', '유부주머니우동국', '포기김치', '비트피클']"
1113,2020-09-04,"['꽁치한마리구이', '흑미밥', '두부계란전*양념장', '감자양념조림', '부대찌개', '포기김치']"
1114,2020-09-07,"['도토리묵채소무침', '안동찜닭', '흑미밥', '옥수수맛살전', '얼큰감자국', '포기김치']"
1115,2020-09-08,"['치커리무침', '열무된장국', '(NeW)깐풍아귀', '흑미밥', '포기김치', '우불고기']"
1116,2020-09-09,"['해초레몬무침', '흑미밥', '동태매운탕', '청경채나물', '포기김치', '궁중떡볶이']"
1117,2020-09-10,"['수제무말랭이무침', '요구르트', '우동장국', '채소튀김*장', '충무김밥', '오징어무침', '포기김치']"
1118,2020-09-11,"['흑미밥', '매콤시래기된장지짐', '마늘쫑메추리알조림', '삼치구이', '포기김치', '소고기무국']"
1119,2020-09-14,"['(New)수제고기깻잎전', '쪽파김무침', '오징어채소볶음', '흑미밥', '포기김치', '미역국']"
1120,2020-09-15,"['흑미밥', '얼갈이된장국', '영양부추무침', '포기김치', '닭간장볶음', '라볶이']"
1121,2020-09-16,"['소고기계란장조림', '매운닭개장', '타꼬야끼', '흑미밥', '열무나물', '포기김치']"
1122,2020-09-17,"['가지무침', '깍두기', '수제마늘바게트', '흑미밥', '수제돈까스', '스팸김치찌개']"
1123,2020-09-18,"['흑미밥', '갈치카레구이', '콩비지찌개', '어묵잡채', '포기김치', '오이보트샐러드']"
1124,2020-09-21,"['흑미밥', '(New)오징어순대', '풋고추양파무침', '스팸계란말이', '포기김치', '소고기무국']"
1125,2020-09-22,"['어묵볶음', '진미채오이무침', '된장찌개', '흑미밥', '포기김치', '우불고기']"
1126,2020-09-23,"['꽃맛살샐러드', '가래떡오븐구이', '채소라면', '단무지', '포기김치', '김밥']"
1127,2020-09-24,"['건도토리묵파프리카볶음', '연근깨소스무침', '흑미밥', '(New)등심찹쌀꿔바로우', '포기김치', '홍합탕']"
1128,2020-09-25,"['옛날소시지전*케찹', '고등어김치찜', '흑미밥', '두부고기조림', '근대국', '포기김치']"
1129,2020-09-28,"['흑미밥', '닭볶음탕', '우거지된장국', '섭산적데리야끼조림', '포기김치', '콩나물무침']"
1130,2020-10-05,"['(New)코코뱅', '된장찌개', '흑미밥', '고구마치즈구이', '오이생채', '포기김치']"
1131,2020-10-06,"['꼬시래기무침', '콩나물국', '흑미밥', '돈육김치볶음', '(New)명란연근전', '포기김치']"
1132,2020-10-07,"['애호박새우젓나물', '겉절이김치', '고추튀김*장', '매운순대국밥', '흑미밥', '채소스틱']"
1133,2020-10-08,"['흑미밥', '사과청경채무침', '계란찜', '쇠고기무국', '시래기삼치조림', '포기김치']"
1134,2020-10-12,"['고들빼기무침', '흑미밥', '마카로니치즈범벅', '유부주머니된장국', '돈사태떡찜', '포기김치']"
1135,2020-10-13,"['미더덕콩나물찜', '흑미밥', '배추된장국', '마늘쫑볶음', '닭간장조림', '포기김치']"
1136,2020-10-14,"['등심돈까스', '꽁치한마리구이*와사비장', '흑미밥', '얼갈이나물', '포기김치', '어묵매운탕']"
1137,2020-10-15,"['상추무침', '미역국', '대패삼겹숙주볶음', '포기김치', '연두부계란찜', '(New)케일쌈밥*씨앗쌈장']"
1138,2020-10-16,"['매콤호박볶음', '흑미밥', '짬뽕국', '해물볶음우동', '(New)수제불고기버거', '포기김치']"
1139,2020-10-19,"['삼치구이*데리야끼소스', '건도토리묵파프리카볶음', '흑미밥', '닭개장', '부추무침', '포기김치']"
1140,2020-10-20,"['우거지국', '해초무침', '김말이강정', '(New)꼬막비빔밥', '김치전', '포기김치']"
1141,2020-10-21,"['고추장찌개', '진미채무말랭이무침', '열무김치볶음', '흑미밥', '햄감자볶음', '소불고기', '포기김치']"
1142,2020-10-22,"['콘슬로우', '깍두기', '샤워크림새우', '흑미밥', '두부조림', '부대찌개']"
1143,2020-10-23,"['아욱국', '참나물초장무침', '마늘바게트', '흑미밥', '(New)봉골레파스타', '포기김치', '고르곤졸라피자']"
1144,2020-10-26,"['순두부찌개', '흑미밥', '상추*양념장', '포기김치', '제육춘장볶음', '오이보트샐러드']"
1145,2020-10-27,"['애플카레라이스', '우동국물', '단무지양념무침', '(NEW)가지탕수', '포기김치', '숯불양념꼬치어묵']"
1146,2020-10-28,"['스태프핫도그', '가자미양념찜', '쪽파김무침', '흑미밥', '사골옹심이만둣국', '포기김치']"
1147,2020-10-29,"['쇠고기육전', '김주먹밥', '열무김치', '양념고추지', '잔치국수', '콩나물무침']"
1148,2020-10-30,"['흑미밥', '컵라면&찐계란', '근대고추장무침', '순대채소볶음', '(NEW)까르보나라떡볶이', '포기김치']"
1149,2020-11-02,"['주꾸미채소볶음', '열무된장국', '흑미밥', '건파래볶음', '햄전&케찹', '포기김치']"
1150,2020-11-03,"['오이지무침', '돈까스김치나베', '유부초밥', '온모밀국수', '무생채', '양배추샐러드&사우전D', '쌀밥']"
1151,2020-11-04,"['치즈계란찜', '콩나물국', '흑미밥', '포기김치', '순살닭강정', '감자간장조림']"
1152,2020-11-05,"['열무김치', '흑미밥', '고기짬뽕국', '(New)마약계란장조림', '시금치나물', '자반고등어찜']"
1153,2020-11-06,"['백종원의사라다빵', '꼬들단무지', '가지나물', '오뗄햄김밥', '김치어묵탕', '포기김치']"
1154,2020-11-09,"['오이양파무침', '흑미밥', '삼치데리야끼구이', '닭개장', '콩나물볶음', '포기김치']"
1155,2020-11-10,"['한식잡채', '자장소스', '유부장국', '깍두기', '요구르트', '채소볶음밥', '계란후라이']"
1156,2020-11-11,"['간장마늘치킨', '얼갈이열무겉절이', '감자채카레볶음', '흑미밥', '(New)미니에그슬럿버거', '김칫국']"
1157,2020-11-12,"['진미채오이무침', '우불고기볶음', '가지나물', '흑미밥', '꽃게탕', '포기김치']"
1158,2020-11-13,"['갈치무조림', '열무김치', '흑미밥', '계란파국', '퀘사디아', '고구마순들깨볶음']"
1159,2020-11-16,"['꽁채캔김치조림', '열무김치', '연근깨소스무침', '흑미밥', '옹심이만둣국', '감자채전*장']"
1160,2020-11-17,"['버섯육개장', '양념깻잎지', '흑미밥', '마늘종멸치볶음', '포기김치', '몽골식돈육볶음&꽃빵']"
1161,2020-11-18,"['매운순대국', '오징어굴소스볶음', '석박지', '흑미밥', '고추지무침', '동그랑땡강정']"
1162,2020-11-19,"['단무지무침', '채소볶음우동', '꼬치어묵매운탕', '떡갈비주먹밥', '콘샐러드', '추가밥', '포기김치']"
1163,2020-11-20,"['상추무침', '흑미밥', '김계란말이', '부대찌개', '포기김치', '생선까스*타르타르소스']"
1164,2020-11-23,"['방어양념장구이', '열무김치', '흑미밥', '옥수수계란찜', '쇠고기미역국', '새우살호박볶음']"
1165,2020-11-24,"['미나리무침', '청양콩나물국', '목살스테이크', '흑미밥', '포기김치', '오이보트샐러드']"
1166,2020-11-25,['없음']
1167,2020-11-26,"['우동국물', '치즈닭갈비', '흑미밥', '계란후라이', '깻잎쌈*청양마요소스', '(New)수제부들어묵잡채튀김', '무생채']"
1168,2020-11-27,"['양파*쌈장', '수제보쌈김치', '황태국수', '추가밥', '풋고추', '모둠채소무침', '돈수육*쌈장']"
1169,2020-11-30,"['세발나물무침', '흑미밥', '동태탕', '감자채파프리카볶음', '포기김치', '(New)아롱사태샐러드*들깨소스']"
1170,2020-12-01,"['마파두부', '짜사이볶음', '샤워크림새우', '홍합짬뽕국', '백김치', '물만두찜*장']"
1171,2020-12-02,"['깍두기', '묵은지삼겹살찜', '참나물겉절이', '흑미밥', '계란파국', '궁중떡볶이']"
1172,2020-12-03,"['고구마순볶음', '이색묵(올방개', '클로렐라)*양념장', '맑은콩나물국', '흑미밥', '(New)단호박치즈해물찜', '포기김치']"
1173,2020-12-04,"['낙지볶음*소면', '겉절이김치', '흑미밥', '미나리전', '얼갈이된장국', '노가리고추조림']"
1174,2020-12-07,"['상추무침', '흑미밥', '치킨까스*데미소스', '쇠고기가지조림', '옹심이감자국', '포기김치']"
1175,2020-12-08,"['미소된장국', '석박지', '계란후라이', '김치볶음밥', '실곤약채소무침', '수제등심찹쌀꿔바로우']"
1176,2020-12-09,"['메추리알꽈리고추조림', '흑미밥', '해물볶음', '부대찌개', '참나물무침', '포기김치']"
1177,2020-12-10,"['유부장국', '브로콜리숙회*초장', '미트볼파스타*추가밥', '포기김치', '딤섬', '열무된장나물']"
1178,2020-12-11,"['단무지무침', '흑미밥', '매운떡볶이*순대찜', '수제오징어튀김', '컵라면&찐계란', '포기김치']"
1179,2020-12-14,"['쇠고기청경채볶음', '새송이버섯조림', '깻잎고기전', '꼬치어묵매운탕', '흑미밥', '포기김치']"
1180,2020-12-15,"['고추잡채덮밥', '자장소스', '단무지무침', '(New)칠리가지탕수', '손수제비국', '포기김치']"
1181,2020-12-16,"['숙주미나리나물', '흑미밥', '물파래초무침', '오징어떡볶음', '쇠고기무국', '포기김치']"
1182,2020-12-17,"['흑미밥', '매운감자조림', '(New)배추오이흑임자무침', '순두부백탕*양념장', '포기김치', '제육간장불고기']"
1183,2020-12-18,"['깍두기', '쑥갓겉절이', '흑미밥', '맑은버섯닭개장', '도토리묵*양념장', '참치김치볶음']"
1184,2020-12-21,"['(New)어떡햄', '도라지초무침', '팽이장국', '계란후라이', '김치볶음', '(New)치킨마요덮밥']"
1185,2020-12-22,"['오이선', '고구마순볶음', '흑미밥', '아귀매운탕', '돈갈비찜', '포기김치']"
1186,2020-12-23,"['콩나물굴소스볶음', '페퍼로니치즈피자', '유부초밥', '골뱅이채소무침&실곤약', '들깨미역국', '포기김치']"
1187,2020-12-24,"['해물까스&타르타르D', '(New)장수제비', '흑미밥', '치커리귤무침', '느타리버섯볶음', '배추김치']"
1188,2021-01-04,"['소고기콜라비조림', '흑미밥', '코다리강정', '오이나물볶음', '포기김치', '부대찌개*라면사리']"
1189,2021-01-05,"['춘권*칠리소스', '미니쌀국수', '양배추비트피클', '(New)팟시금치무쌉', '계란후라이', '무생채']"
1190,2021-01-06,"['흑미밥', '단무지채무침', '해물누룽지탕', '고기짬뽕국', '포기김치', '멸치마늘종조림']"
1191,2021-01-07,"['고추장찌개', '상추무침', '베이컨숙주볶음', '흑미밥', '포기김치', '(New)인절미치킨']"
1192,2021-01-08,"['깍두기', '미나리나물무침', '감자양파국', '흑미밥', '돈육김치볶음', '팽이버섯채소전']"
1193,2021-01-11,"['쇠고기숙주볶음', '야채전', '흑미밥', '고구마연근맛탕', '포기김치', '옹심이국']"
1194,2021-01-12,"['흑미밥', '돌나물유자청무침', '가지마파두부', '맑은버섯국', '포기김치', '순대들깨볶음']"
1195,2021-01-13,"['알리오올리오', '가쓰오장국', '수제치킨까스', '팽이버섯부추무침', '산고추지무침', '추가밥', '무생채']"
1196,2021-01-14,"['흑미밥', '오이달래무침', '오삼불고기', '어묵깻잎전', '포기김치', '홍합탕']"
1197,2021-01-15,"['순두부백탕', '흑미밥', '비빔만두채소무침', '명엽채볶음', '닭볶음탕', '포기김치']"
1198,2021-01-18,"['깍두기', '메추리알풋고추조림', '흑미밥', '배추된장국', '낙지미나리볶음', '시금치나물무침']"
1199,2021-01-19,"['북어짬뽕국', '건새우호박채전', '흑미밥', '삼색귤소스무침', '포기김치', '만가닥버섯불고기']"
1200,2021-01-20,"['고들빼기무침', '겉절이김치', '계란후라이', '브로콜리깨소스무침', '김치볶음밥', '미니쫄우동*맛살튀김']"
1201,2021-01-21,"['숙주나물당근무침', '흑미밥', '삼치양념구이', '비엔나채소볶음', '쇠고기무국', '포기김치']"
1202,2021-01-22,"['수제맛쵸킹탕수육', '겉절이김치', '흑미밥', '유부채소겨자냉채', '수제비국', '갓김치', '참나물무침']"
1203,2021-01-25,"['오이선', '열무된장국', '흑미밥', '깻잎쌈*생강채', '포기김치', '장어강정*데리야끼소스']"
1204,2021-01-26,"['(New)할라피뇨멸치주먹밥', '깍두기', '수제고기육전', '쑥갓나물', '양파초절임', '잔치국수']"
