,일자,중식메뉴
0,2016-02-01,"['쇠불고기', '오징어찌개', '요구르트', '잡곡밥', '계란찜', '포기김치', '청포묵무침', '쌀밥']"
1,2016-02-02,"['요구르트', '잡곡밥', '배추겉절이', '마늘쫑무침', '모둠소세지구이', '가자미튀김', '김치찌개', '쌀밥']"
2,2016-02-03,"['카레덮밥', '치킨핑거', '팽이장국', '요구르트', '견과류조림', '쫄면야채무침', '포기김치']"
3,2016-02-04,"['요구르트', '잡곡밥', '부추전', '주꾸미볶음', '쇠고기무국', '시금치나물', '포기김치', '쌀밥']"
4,2016-02-05,"['돈육씨앗강정', '우엉잡채', '떡국', '요구르트', '잡곡밥', '포기김치', '청경채무침', '쌀밥']"
5,2016-02-11,"['시래기국', '쌈무', '요구르트', '잡곡밥', '훈제오리구이', '양파절임', '도토리묵무침', '포기김치', '쌀밥']"
6,2016-02-12,"['유채나물', '돈육굴소스볶음', '요구르트', '잡곡밥', '옥수수전', '꽃게탕', '포기김치', '쌀밥']"
7,2016-02-15,"['요구르트', '연두부*양념장', '잡곡밥', '닭감자조림', '포기김치', '쌀밥', '콩나물무침', '시금치국']"
8,2016-02-16,"['취나물', '오징어숙회무침', '요구르트', '잡곡밥', '쇠고기무국', '탕수어', '포기김치', '쌀밥']"
9,2016-02-17,"['치커리무침', '냉이된장국', '요구르트', '잡곡밥', '통도라지구이', '쇠고기장조림', '포기김치', '쌀밥']"
10,2016-02-18,"['유부장국', '해초무침', '요구르트', '고구마치즈구이', '낙지비빔밥', '포기김치']"
11,2016-02-19,"['대구찌개', '치킨무', '요구르트', '잡곡밥', '돌나물무침', '마늘간장치킨', '새송이버섯볶음', '포기김치', '쌀밥']"
12,2016-02-22,"['부럼', '요구르트', '호박꼬지&고사리&무나물', '쇠고기느타리국', '갈치구이', '포기김치', '오곡밥', '파래김*양념장', '쌀밥']"
13,2016-02-23,"['요구르트', '콩나물국', '잡곡밥', '돈육간장볶음', '꽃상추무침', '버섯잡채', '포기김치', '쌀밥']"
14,2016-02-24,"['팽이장국', '비빔밥', '요구르트', '소세지피망볶음', '맛탕', '포기김치', '귤']"
15,2016-02-25,"['요구르트', '새싹두부구이', '잡곡밥', '곰피초장', '북어계란국', '포기김치', '닭갈비', '쌀밥']"
16,2016-02-26,"['도라지초무침', '요구르트', '잡곡밥', '오징어볶음', '수제비국', '계란찜', '포기김치', '쌀밥']"
17,2016-02-29,"['늙은호박전', '요구르트', '잡곡밥', '제육볶음', '얼갈이된장국', '치커리생채', '포기김치', '쌀밥']"
18,2016-03-02,"['맛살계란말이', '아삭고추무침', '잡곡밥', '주꾸미볶음', '쇠고기미역국', '포기김치', '쌀밥']"
19,2016-03-03,"['요구르트', '새송이버섯조림', '근대된장국', '잡곡밥', '무생채', '탕수육', '포기김치', '쌀밥']"
20,2016-03-04,"['깍두기', '메추리알조림', '잡곡밥', '열무된장나물', '가자미튀김', '부대찌개', '쌀밥']"
21,2016-03-07,"['콩나물국', '잡곡밥', '모둠묵*양념장', '포기김치', '닭갈비', '톳두부무침', '쌀밥']"
22,2016-03-08,"['깍두기', '잡곡밥', '고등어김치말이', '풋마늘초무침', '차돌박이찌개', '소세지구이', '쌀밥']"
23,2016-03-09,"['잡곡밥', '홍어무침', '돈육장조림', '북어국', '시금치나물', '포기김치', '쌀밥']"
24,2016-03-10,"['고추장찌개', '취나물', '해물파전', '닭데리야끼조림', '잡곡밥', '포기김치', '쌀밥']"
25,2016-03-11,"['수제돈가스', '탕평채', '잡곡밥', '배추된장국', '쫄면무침', '포기김치', '쌀밥']"
26,2016-03-14,"['모둠양채쌈*쌈장', '잡곡밥', '돈육고추장볶음', '포기김치', '쌀밥', '콩나물파채무침', '어묵국']"
27,2016-03-15,"['골뱅이무침*소면', '잡곡밥', '마늘쫑볶음', '쑥국', '소불고기', '포기김치', '쌀밥']"
28,2016-03-16,"['곤드레밥', '무나물', '두부계란부침', '포기김치', '미니채소떡갈비', '콩나물김치국']"
29,2016-03-17,"['깍두기', '잡곡밥', '사골우거지국', '깻순나물', '탕수어', '파래김*양념장', '쌀밥']"
30,2016-03-18,"['부추생채', '쌈무', '잡곡밥', '연근땅콩조림', '훈제오리구이', '포기김치', '쌀밥', '시금치국']"
31,2016-03-21,"['버섯불고기', '잡곡밥', '꽃게탕', '계란말이', '도토리묵무침', '포기김치', '쌀밥']"
32,2016-03-22,"['유채나물', '깍두기', '쇠고기샤브국', '두부&김치볶음', '잡곡밥', '코다리강정', '쌀밥']"
33,2016-03-23,"['땅콩조림', '실곤약초무침', '맑은국', '치킨텐더*요거트D', '콩나물밥*달래장', '포기김치']"
34,2016-03-24,"['잡곡밥', '시래기나물', '북어계란국', '쇠고기장조림', '포기김치', '오징어초무침', '쌀밥']"
35,2016-03-25,"['잡곡밥', '자반고등어구이', '비엔나볶음', '배추겉절이', '닭개장', '열무나물', '쌀밥']"
36,2016-03-28,"['해파리냉채', '취나물', '잡곡밥', '얼갈이된장국', '포기김치', '닭갈비', '쌀밥']"
37,2016-03-29,"['잡곡밥', '옹심이만두국', '새송이버섯전', '주꾸미볶음', '치커리유자청생채', '포기김치', '쌀밥']"
38,2016-03-30,"['알감자버터구이', '쪽파국', '오렌지', '봄새싹비빔밥', '포기김치', '오징어튀김']"
39,2016-03-31,"['돈육굴소스볶음', '봄동나물', '매운콩나물국', '동태전', '잡곡밥', '포기김치', '쌀밥']"
40,2016-04-01,"['우엉잡채', '아삭고추무침', '잡곡밥', '갈치조림', '포기김치', '버섯들깨탕', '쌀밥']"
41,2016-04-04,"['쇠불고기', '브로컬리맛살볶음', '순두부찌개', '잡곡밥', '풋마늘초무침', '포기김치', '쌀밥']"
42,2016-04-05,"['잡곡밥', '오징어볶음*소면', '모둠소시지구이', '북어국', '시금치나물', '포기김치', '쌀밥']"
43,2016-04-06,"['올갱이아욱국', '잡곡밥', '제육볶음', '두부조림', '모둠쌈*쌈장', '포기김치', '쌀밥']"
44,2016-04-07,"['매운돼지갈비찜', '해물파전', '잡곡밥', '무생채', '포기김치', '쌀밥', '어묵국']"
45,2016-04-08,"['메추리알조림', '잡곡밥', '배추된장국', '포기김치', '콩나물무침', '순살양념치킨', '쌀밥']"
46,2016-04-11,"['시래기국', '잡곡밥', '무쌈', '풋마늘초무침', '훈제오리구이', '양파절임', '포기김치', '쌀밥']"
47,2016-04-12,"['잡곡밥', '쇠고기단호박조림', '부대찌개', '시금치나물', '열무나물', '포기김치', '쌀밥']"
48,2016-04-14,"['돈육굴소스볶음', '잡곡밥', '수제비국', '양배추쌈', '무생채', '포기김치', '쌀밥']"
49,2016-04-15,"['도라지초무침', '닭데리야끼조림', '잡곡밥', '포기김치', '쌀밥', '콩나물무침', '냉이된장찌개']"
50,2016-04-18,"['콩나물잡채', '잡곡밥', '배추된장국', '돈육강정', '브로컬리두부무침', '포기김치', '쌀밥']"
51,2016-04-19,"['육개장', '해초무침', '꽁치한마리구이', '잡곡밥', '고기전', '포기김치', '쌀밥']"
52,2016-04-20,"['콩나물밥', '부추생채', '근대된장국', '매콤떡갈비조림', '포기김치', '청포묵무침']"
53,2016-04-21,"['잡곡밥', '옥수수전', '청경채생채', '쇠고기볶음', '대구매운탕', '포기김치', '쌀밥']"
54,2016-04-22,"['등갈비김치찜', '열무김치', '잡곡밥', '연근조림', '깻잎양념지', '북어국', '쌀밥']"
55,2016-04-25,"['돈간장불고기', '콩나물국', '잡곡밥', '버섯볶음', '김치전', '포기김치', '쌀밥']"
56,2016-04-26,"['풋마늘대무침', '잡곡밥', '주꾸미볶음', '쇠고기무국', '치즈계란말이', '포기김치', '쌀밥']"
57,2016-04-27,"['미소장국', '알감자버터구이', '궁중떡찜', '배추겉절이', '나물비빔밥', '유기농식혜']"
58,2016-04-28,"['치킨무', '잡곡밥', '콩자반', '동그랑땡부침', '포기김치', '쌀밥', '미역국', '양념파닭']"
59,2016-04-29,"['깍두기', '고등어카레구이', '잡곡밥', '미트볼조림', '돈육김치찌개', '치커리사과무침', '쌀밥']"
60,2016-05-02,"['잡곡밥', '맛살겨자채', '비름나물', '포기김치', '쌀밥', '닭갈비', '시금치국']"
61,2016-05-03,"['곤드레밥', '온두부', '실곤약초무침', '볶은김치', '모둠장조림', '무채국']"
62,2016-05-04,"['쇠고기샤브국', '동태전', '잡곡밥', '오징어볶음', '무생채', '포기김치', '쌀밥']"
63,2016-05-09,"['잡곡밥', '무쌈', '훈제오리구이', '매운어묵국', '양파절임', '도토리묵무침', '포기김치', '쌀밥']"
64,2016-05-10,"['버섯불고기', '콩나물국', '잡곡밥', '시금치나물', '포기김치', '오징어초무침', '쌀밥']"
65,2016-05-11,"['멸치크랜베리볶음', '시래기된장국', '가지나물', '돈육칠리강정', '포기김치', '단호박영양밥']"
66,2016-05-12,"['통도라지구이', '오징어국', '잡곡밥', '찜닭', '꽃맛살볶음', '포기김치', '쌀밥']"
67,2016-05-13,"['매운돼지갈비찜', '해물파전', '치커리유자생채', '된장찌개', '잡곡밥', '배추겉절이', '쌀밥']"
68,2016-05-16,"['돈육굴소스볶음', '잡곡밥', '계란찜', '꽃상추무침', '감자고추장찌개', '포기김치', '쌀밥']"
69,2016-05-17,"['들깨버섯탕', '깍두기', '잡곡밥', '고등어김치말이', '고기전', '비름나물', '쌀밥']"
70,2016-05-18,"['미소장국', '치킨핑거', '산채비빔밥', '연근땅콩조림', '요플레', '포기김치']"
71,2016-05-19,"['열무된장국', '골뱅이무침*소면', '잡곡밥', '숙주나물', '포기김치', '미니채소떡갈비', '쌀밥']"
72,2016-05-20,"['순두부찌개', '잡곡밥', '새송이버섯전', '닭오븐구이', '불미나리무침', '포기김치', '쌀밥']"
73,2016-05-23,"['북어콩나물국', '잡곡밥', '쇠고기불고기', '옥수수전', '오이무침', '포기김치', '쌀밥']"
74,2016-05-24,"['석박지', '오징어숙회무침', '잡곡밥', '꼬지삼색전', '치커리생채', '한방갈비탕', '쌀밥']"
75,2016-05-25,"['미역장국', '낙지볶음밥', '우엉조림', '탕수어', '포기김치', '매실주스']"
76,2016-05-26,"['잡곡밥', '쇠고기해장국', '비엔나감자볶음', '갈치구이', '무생채', '포기김치', '쌀밥']"
77,2016-05-27,"['닭양념조림', '깍두기', '동그랑땡전', '잡곡밥', '배추된장국', '고구마순나물', '쌀밥']"
78,2016-05-30,"['누룽지탕수육', '오이도라지생채', '잡곡밥', '명태조림', '포기김치', '콩나물김치국', '쌀밥']"
79,2016-05-31,"['근대된장국', '잡곡밥', '깻잎양념지', '포기김치', '닭갈비', '잡채', '쌀밥']"
80,2016-06-01,"['강된장찌개', '음료', '포기김치', '열무비빔밥', '궁중떡볶이', '오징어튀김']"
81,2016-06-02,"['두부구이', '실곤약초무침', '잡곡밥', '모둠장조림', '포기김치', '오이미역냉국', '쌀밥']"
82,2016-06-03,"['머위대나물', '잡곡밥', '찜닭', '차돌박이찌개', '김치전', '포기김치', '쌀밥']"
83,2016-06-07,"['홍어채무침', '돈육굴소스볶음', '가지나물', '잡곡밥', '북어계란국', '포기김치', '쌀밥']"
84,2016-06-08,"['맛살콩나물냉채', '참치김치찌개', '깍두기', '잡곡밥', '브로컬리초장', '순살깐풍기', '쌀밥']"
85,2016-06-09,"['돼지갈비찜', '매운콩나물국', '잡곡밥', '부추전', '비름나물', '포기김치', '쌀밥']"
86,2016-06-10,"['된장찌개', '잡곡밥', '오징어볶음', '모둠소시지구이', '포기김치', '치커리사과무침', '쌀밥']"
87,2016-06-13,"['북어콩나물국', '잡곡밥', '모둠쌈', '제육볶음', '포기김치', '참치야채전', '쌀밥']"
88,2016-06-14,"['닭양념조림', '어묵볶음', '열무김치', '탕평채', '잡곡밥', '배추된장국', '쌀밥']"
89,2016-06-15,"['카레덮밥', '떡갈비조림', '맑은국', '쫄면무침', '포기김치', '열무된장나물']"
90,2016-06-16,"['가자미양념찜', '깍두기', '해초무침', '잡곡밥', '고기전', '부대찌개', '쌀밥']"
91,2016-06-17,"['김구이', '잡곡밥', '돈육강정', '꽃게탕', '버섯잡채', '포기김치', '쌀밥']"
92,2016-06-20,"['잡곡밥', '명태엿장조림', '레몬탕수육', '시금치나물', '포기김치', '쌀밥', '어묵국']"
93,2016-06-21,"['대구찌개', '치킨무', '잡곡밥', '마늘쫑볶음', '간장치킨', '오이무침', '포기김치', '쌀밥']"
94,2016-06-22,"['시래기국', '잡곡밥', '새송이버섯전', '포기김치', '돈삼겹보쌈', '콩나물파채무침', '상추쌈', '쌀밥']"
95,2016-06-23,"['메추리알조림', '매콤낙지볶음', '잡곡밥', '쇠고기무국', '포기김치', '숙주나물', '쌀밥']"
96,2016-06-24,"['목살데리야끼구이', '도토리묵냉국', '간장깻잎지', '잡곡밥', '골뱅이무침&소면', '포기김치', '쌀밥']"
97,2016-06-27,"['실곤약초무침', '쌈무', '잡곡밥', '배추된장국', '야채스틱', '훈제오리구이', '포기김치', '쌀밥']"
98,2016-06-28,"['고등어구이', '육개장', '잡곡밥', '닭가슴살냉채', '마늘쫑무침', '포기김치', '쌀밥']"
99,2016-06-29,"['상추겉절이', '콩나물국', '잡곡밥', '간장돼지갈비찜', '계란말이', '포기김치', '쌀밥']"
100,2016-06-30,"['열무김치', '잡곡밥', '닭오븐구이', '버섯들깨찌개', '김치전', '치커리사과무침', '쌀밥']"
101,2016-07-01,"['양배추쌈*쌈장', '유자청제육볶음', '잡곡밥', '수제비국', '두부새싹구이', '포기김치', '쌀밥']"
102,2016-07-04,"['버섯불고기', '잡곡밥', '노각무침', '감자고추장찌개', '맛살겨자초무침', '포기김치', '쌀밥']"
103,2016-07-05,"['비름나물', '잡곡밥', '배추겉절이', '모둠소세지구이', '쇠고기미역국', '쌀밥', '꽁치김치말이찜']"
104,2016-07-06,"['곤드레밥', '닭강정', '해물파전', '가쯔오장국', '통도라지구이', '포기김치']"
105,2016-07-07,"['된장찌개', '잡곡밥', '오이생채', '갈치조림', '포기김치', '돈육잡채', '쌀밥']"
106,2016-07-08,"['알타리김치', '감자볶음', '잡곡밥', '영양부추', '갈릭돈까스', '우무묵냉국', '쌀밥']"
107,2016-07-11,"['홍어채무침', '돈육굴소스볶음', '잡곡밥', '호박잎찌개', '모듬쌈*쌈장', '포기김치', '쌀밥']"
108,2016-07-12,"['도라지나물', '잡곡밥', '건새우아욱국', '꽃맛살볶음', '포기김치', '쌀밥', '순살파닭']"
109,2016-07-13,"['감자만두', '오이냉국', '나물비빔밥', '수박', '사천식탕수육', '포기김치']"
110,2016-07-14,"['알타리김치', '매운주꾸미볶음', '동태전', '잡곡밥', '배추된장국', '브로컬리두부무침', '쌀밥']"
111,2016-07-15,"['등갈비김치찜', '열무김치', '가지나물', '잡곡밥', '삼치구이', '북어계란국', '쌀밥']"
112,2016-07-18,"['돈육떡강정', '해초무침', '순두부찌개', '잡곡밥', '새송이버섯전', '포기김치', '쌀밥']"
113,2016-07-19,"['시래기국', '목살데리야끼', '늙은호박전', '잡곡밥', '포기김치', '치커리들깨무침', '쌀밥']"
114,2016-07-20,"['골뱅이무침*소면', '잡곡밥', '미트볼조림', '사골우거지탕', '포기김치', '청포묵무침', '쌀밥']"
115,2016-07-21,"['알타리김치', '잡곡밥', '명태엿장조림', '우묵콩국', '깻잎지', '고추장불고기', '쌀밥']"
116,2016-07-22,"['미소장국', '토마토', '고구마치즈구이', '참치회덮밥', '춘권', '포기김치', '락교']"
117,2016-07-25,"['불닭볶음', '쌈무', '잡곡밥', '참나물생채', '해파리겨자채', '쇠고기미역국', '포기김치', '쌀밥']"
118,2016-07-26,"['청국장찌개', '잡곡밥', '연근조림', '계란말이', '포기김치', '미니채소떡갈비', '쌀밥']"
119,2016-07-27,"['감자채볶음', '동파삼겹수육', '잡곡밥', '오이도라지무침', '수박', '포기김치', '쌀밥', '시금치국']"
120,2016-07-28,"['동그랑땡전', '잡곡밥', '콩자반', '배추겉절이', '꽃게탕', '훈제오리냉채', '쌀밥']"
121,2016-07-29,"['도토리묵냉국', '양배추피클', '마늘쫑무침', '연복풍덮밥', '포기김치', '꽁치오븐구이']"
122,2016-08-01,"['잡곡밥', '닭살겨자냉채', '꽈리고추찜', '갈치구이', '포기김치', '부대찌개*라면사리', '쌀밥']"
123,2016-08-02,"['알타리김치', '팽이장국', '웨지감자오븐구이', '유기농식혜', '꽃맛살볶음', '열무보리비빔밥']"
124,2016-08-03,"['메추리알조림', '잡곡밥', '레몬탕수육', '포기김치', '버섯들깨탕', '콩나물무침', '쌀밥']"
125,2016-08-04,"['시금치무침', '닭데리야끼조림', '복숭아미역냉국', '잡곡밥', '비엔나감자볶음', '포기김치', '쌀밥']"
126,2016-08-05,"['열무김치', '된장찌개', '잡곡밥', '무생채', '매콤돼지갈비찜', '연근', '오징어튀김', '쌀밥']"
127,2016-08-08,"['도라지초무침', '호박잎된장국', '유자청제육볶음', '잡곡밥', '오꼬노미계란말이', '포기김치', '쌀밥']"
128,2016-08-09,"['미니함박조림', '오징어브로컬리숙회', '콩나물국', '잡곡밥', '오이무침', '포기김치', '쌀밥']"
129,2016-08-10,"['우엉잡채', '사과오이냉국', '장어강정', '잡곡밥', '치커리생채', '포기김치', '쌀밥']"
130,2016-08-11,"['시래기국', '삼겹살오븐구이', '매운어묵볶음', '상추&마늘', '잡곡밥', '포기김치', '쌀밥']"
131,2016-08-12,"['고구마범벅', '맑은국', '노각무침', '불고기덮밥', '포기김치', '새우까스&탈탈소스']"
132,2016-08-16,"['알타리김치', '해초무침', '잡곡밥', '고등어조림', '닭곰탕', '비엔나피망볶음', '쌀밥']"
133,2016-08-17,"['잡곡밥', '오징어볶음', '고기전', '대구매운탕', '포기김치', '청경채무침', '쌀밥']"
134,2016-08-18,"['실곤약초무침', '열무된장국', '잡곡밥', '갈릭돈가스', '마늘쫑볶음', '포기김치', '쌀밥']"
135,2016-08-19,"['땅콩조림', '도토리묵냉국', '쑥갓두부무침', '포기김치', '단호박영양밥', '소고기숙주볶음']"
136,2016-08-22,"['잡곡밥', '꽁치와사비구이', '꽃게탕', '오이무침', '고추잡채*꽃빵', '포기김치', '쌀밥']"
137,2016-08-23,"['열무김치', '잡곡밥', '배추된장국', '두부조림', '칠리탕수육', '콩나물무침', '쌀밥']"
138,2016-08-24,"['치커리유자청무침', '잡곡밥', '연근조림', '해물된장찌개', '포기김치', '쌀밥', '닭볶음']"
139,2016-08-25,"['육개장', '잡곡밥', '부추전', '올방개묵무침', '동태무조림', '포기김치', '쌀밥']"
140,2016-08-26,"['홍어채무침', '떡국', '마늘치킨', '잡곡밥', '꽃맛살오리엔탈샐러드', '포기김치', '쌀밥']"
141,2016-08-29,"['골뱅이무침*소면', '순두부찌개', '아삭고추무침', '잡곡밥', '소불고기', '포기김치', '쌀밥']"
142,2016-08-30,"['잡곡밥', '호박잎쌈*양념', '갈치구이', '포기김치', '쌀밥', '모듬소시지볶음', '버섯매운탕']"
143,2016-08-31,"['단무지무침', '열무김치', '낙지비빔밥', '가쯔오장국', '계란말이', '과일샐러드']"
144,2016-09-01,"['오징어국', '목살데리야끼', '잡곡밥', '브로컬리초장', '버섯잡채', '포기김치', '쌀밥']"
145,2016-09-02,"['해물파전', '시래기된장국', '잡곡밥', '닭찜', '포기김치', '청경채무침', '쌀밥']"
146,2016-09-05,"['쇠고기샤브국', '연두부*양념', '잡곡밥', '옥수수전', '오징어볶음', '포기김치', '쌀밥']"
147,2016-09-06,"['모둠버섯볶음', '파김치', '잡곡밥', '가자미카레튀김', '참나물땅콩무침', '부대찌개', '쌀밥']"
148,2016-09-07,"['곤드레밥', '돈육떡강정', '두부맑은국', '계란찜', '오이무침', '포기김치']"
149,2016-09-08,"['알타리김치', '콩나물잡채', '부추생채', '된장찌개', '잡곡밥', '오리고추장볶음', '쌀밥']"
150,2016-09-09,"['황태맑은국', '잡곡밥', '유린기', '숙주나물', '도토리묵무침', '포기김치', '쌀밥']"
151,2016-09-12,"['상추겉절이', '시래기국', '깍두기', '잡곡밥', '동그랑땡', '쌀밥', '닭볶음']"
152,2016-09-13,"['어묵볶음', '매운돼지갈비찜', '잡곡밥', '토란국', '포기김치', '쑥갓두부무침', '쌀밥']"
153,2016-09-19,"['애호박나물', '잡곡밥', '계란말이', '오리훈제고추장볶음', '포기김치', '쌀밥', '어묵국']"
154,2016-09-20,"['감자채볶음', '잡곡밥', '참나물생채', '얼갈이된장국', '레몬탕수육', '포기김치', '쌀밥']"
155,2016-09-21,"['땅콩조림', '팽이장국', '깍두기', '너비아니구이', '음료', '핫도그', '열무비빔밥']"
156,2016-09-22,"['단배추나물', '잡곡밥', '임연수찜', '햄피망볶음', '쇠고기무국', '포기김치', '쌀밥']"
157,2016-09-23,"['오징어국', '잡곡밥', '두부조림', '무생채', '포기김치', '쌀밥', '소고기숙주볶음']"
158,2016-09-26,"['우엉잡채', '유자청돈육볶음', '양배추쌈&쌈장', '잡곡밥', '아욱된장국', '포기김치', '쌀밥']"
159,2016-09-27,"['잡곡밥', '쫄면무침', '열무된장나물', '간장파닭', '포기김치', '느타리버섯국', '쌀밥']"
160,2016-09-28,"['카레덮밥', '맑은국', '새송이버섯조림', '오이무침', '포기김치', '샐러드파스타']"
161,2016-09-29,"['호박부추전', '된장찌개', '잡곡밥', '올방개묵무침', '돈육장조림', '포기김치', '쌀밥']"
162,2016-09-30,"['알타리김치', '우거지해장국', '가지볶음', '꽁치한마리구이', '잡곡밥', '브로컬리초장', '쌀밥']"
163,2016-10-04,"['버섯불고기', '잡곡밥', '배추된장국', '마늘쫑건새우볶음', '골뱅이소면무침', '포기김치', '쌀밥']"
164,2016-10-05,"['모둠소세지구이', '매운주꾸미볶음', '잡곡밥', '차돌박이찌개', '포기김치', '콩나물무침', '쌀밥']"
165,2016-10-06,"['오징어숙회무침', '잡곡밥', '새송이전', '배추겉절이', '동태', '쌀밥', '미역국', '한방소갈비찜']"
166,2016-10-07,"['메추리알곤약조림', '부추생채', '표고돈육탕수', '잡곡밥', '대구매운탕', '포기김치', '쌀밥']"
167,2016-10-10,"['쇠고기샤브국', '맛살계란말이', '잡곡밥', '오징어볶음', '참나물무침', '포기김치', '쌀밥']"
168,2016-10-11,"['시금치된장국', '목살스테이크', '잡곡밥', '배추겉절이', '오이무침', '버섯잡채', '쌀밥']"
169,2016-10-12,"['오렌지주스', '생선커틀릿', '*타르타르소스', '팽이버섯국', '산채비빔밥*강된장', '오복지무침', '포기김치']"
170,2016-10-13,"['떡국', '마늘치킨', '모듬묵*양념장', '잡곡밥', '열무된장나물', '포기김치', '쌀밥']"
171,2016-10-14,"['애호박나물', '등갈비김치찜', '건새우무국', '잡곡밥', '계란버섯장조림', '포기김치', '쌀밥']"
172,2016-10-17,"['매운어묵볶음', '잡곡밥', '모둠양채쌈', '소불고기', '포기김치', '미역국', '쌀밥']"
173,2016-10-18,"['치커리유자청무침', '미트볼칠리조림', '잡곡밥', '꽃게탕', '부추전', '포기김치', '쌀밥']"
174,2016-10-19,"['참치김치찌개', '잡곡밥', '유린기', '셀프무쌈말이', '포기김치', '멸치크렌베리볶음', '쌀밥']"
175,2016-10-20,"['알타리김치', '꽁치김치말이', '잡곡밥', '메밀버섯전', '돈신탕(해장탕)', '쑥갓두부무침', '쌀밥']"
176,2016-10-21,"['계란국', '단무지', '짜장밥', '풍기샐러드', '사천식탕수육', '포기김치']"
177,2016-10-24,"['해물파전', '된장찌개', '잡곡밥', '제육볶음', '포기김치', '콩나물무침', '쌀밥']"
178,2016-10-25,"['육개장', '깍두기', '잡곡밥', '미역레몬초무침', '갈치구이', '고추잡채*꽃빵', '쌀밥']"
179,2016-10-26,"['곤드레밥', '실곤약초무침', '땅콩조림', '데리야끼파닭', '배추된장국', '포기김치']"
180,2016-10-27,"['두부계란전', '해초무침', '잡곡밥', '돈육장조림', '포기김치', '동태찌개', '쌀밥']"
181,2016-10-28,"['알타리김치', '잡곡밥', '고등어조림', '비엔나감자볶음', '통도라지구이', '버섯들깨탕', '쌀밥']"
182,2016-10-31,"['홍어채무침', '쇠고기숙주볶음', '근대된장국', '잡곡밥', '새송이버섯전', '포기김치', '쌀밥']"
183,2016-11-01,"['생선까스*탈탈소스', '알탕', '잡곡밥', '시금치나물', '포기김치', '닭갈비', '쌀밥']"
184,2016-11-02,"['콩나물밥', '훈제오리', '가쯔오장국', '무쌈', '부추겉절이', '양파절임', '포기김치']"
185,2016-11-03,"['세발나물', '잡곡밥', '계란말이', '쇠고기무국', '쭈꾸미볶음', '포기김치', '쌀밥']"
186,2016-11-04,"['모듬소세지구이', '석박지', '잡곡밥', '명태엿장조림', '오이무침', '사골우거지탕', '쌀밥']"
187,2016-11-07,"['상추파채무침', '오징어국', '유자청제육볶음', '잡곡밥', '날치알계란찜', '포기김치', '쌀밥']"
188,2016-11-08,"['동그랑땡전', '잡곡밥', '깻잎지', '차돌박이찌개', '포기김치', '순살양념치킨', '쌀밥']"
189,2016-11-09,"['연근조림', '꽃게탕', '무생채', '귤', '고추잡채*꽃빵', '포기김치', '단호박영양밥']"
190,2016-11-10,"['알타리김치', '멸치아몬드볶음', '잡곡밥', '김치콩나물국', '닭살겨자채', '쇠고기장조림', '쌀밥']"
191,2016-11-11,"['치커리무침', '동태전', '잡곡밥', '아욱된장국', '칠리탕수육', '포기김치', '쌀밥']"
192,2016-11-14,"['부추호박전', '소고기버섯볶음', '오징어숙회무침', '잡곡밥', '포기김치', '쌀밥', '어묵국']"
193,2016-11-15,"['닭데리야끼조림', '잡곡밥', '햄감자채볶음', '김치국', '브로컬리무침', '포기김치', '쌀밥']"
194,2016-11-16,"['조랭이떡미역국', '버섯영양밥', '유산슬', '임연수구이', '포기김치', '청경채무침']"
195,2016-11-17,"['깍두기', '잡곡밥', '풋고추*양파', '해물김치전', '올방개묵무침', '쌀밥', '설렁탕']"
196,2016-11-18,"['쌀밥', '어묵볶음', '쌈다시마초장', '잡곡밥', '갓김치', '순살깐풍기', '콩비지찌개']"
197,2016-11-21,"['누룽지탕수육', '도라지초무침', '시래기된장국', '잡곡밥', '계란찜', '포기김치', '쌀밥']"
198,2016-11-22,"['쇠고기숙주볶음', '새싹두부구이', '잡곡밥', '대구매운탕', '오이생채', '포기김치', '쌀밥']"
199,2016-11-23,"['갈치조림', '잡곡밥', '파닭', '순두부탕', '포기김치', '청포묵무침', '쌀밥']"
200,2016-11-24,"['우엉잡채', '잡곡밥', '수제비국', '짬뽕불고기', '참나물', '포기김치', '쌀밥']"
201,2016-11-25,"['카레덮밥', '맑은국', '베추겉절이', '연근땅콩조림', '통감자오븐구이', '샐러드파스타']"
202,2016-11-28,"['쇠고기느타리국', '잡곡밥', '오징어볶음', '모둠소시지구이', '물파래무침', '포기김치', '쌀밥']"
203,2016-11-29,"['늙은호박전', '잡곡밥', '모둠쌈', '제육볶음', '근대국', '포기김치', '쌀밥']"
204,2016-11-30,"['감자샐러드', '치킨핑거*요거트D', '가쯔오장국', '나물비빔밥', '오복지무침', '포기김치']"
205,2016-12-01,"['알타리김치', '골뱅이무침*소면', '콩나물국', '잡곡밥', '모둠장조림', '톳두부무침', '쌀밥']"
206,2016-12-02,"['떡국', '잡곡밥', '콩나물겨자채', '포기김치', '양념찜닭', '청경채무침', '쌀밥']"
207,2016-12-05,"['순두부찌개', '잡곡밥', '훈제오리구이', '포기김치', '참치야채전', '무쌈말이', '쌀밥']"
208,2016-12-06,"['삼겹살오븐구이', '무말랭이', '잡곡밥', '배추쌈', '포기김치', '홍합탕', '실곤약흑임자무침', '쌀밥']"
209,2016-12-07,"['아이스슈', '유부장국', '개성감자만두', '쨔샤이무침', '해물누룽지탕', '짜장밥', '포기김치']"
210,2016-12-08,"['알타리김치', '아욱국', '버섯메밀전', '잡곡밥', '상추초무침', '양념돼지갈비찜', '쌀밥']"
211,2016-12-09,"['차돌박이된장찌개', '잡곡밥', '닭가슴살냉채', '마늘쫑무침', '삼치무조림', '포기김치', '쌀밥']"
212,2016-12-12,"['돈육굴소스볶음', '깍두기', '잡곡밥', '다시마*브로컬리', '매운어묵무침', '콩나물김치국', '쌀밥']"
213,2016-12-13,"['잡곡밥', '오이도라지무침', '코다리강정', '포기김치', '쌀밥', '돈육잡채', '냉이된장찌개']"
214,2016-12-14,"['소불고기덮밥', '가쯔오장국', '고구마튀김', '포기김치', '멕시칸샐러드', '청경채무침']"
215,2016-12-15,"['부추생채', '잡곡밥', '옥수수계란찜', '오리고추장볶음', '포기김치', '쌀밥', '콩비지찌개']"
216,2016-12-16,"['쇠고기샤브국', '아삭고추무침', '잡곡밥', '갈치구이', '포기김치', '비엔케찹볶음', '쌀밥']"
217,2016-12-19,"['감자채볶음', '잡곡밥', '배추된장국', '짬뽕불고기', '하루나겉절이', '포기김치', '쌀밥']"
218,2016-12-20,"['깍두기', '꽁치김치말이', '콩나물국', '잡곡밥', '올방개묵무침', '고추잡채*꽃빵', '쌀밥']"
219,2016-12-21,"['홍어채무침', '된장찌개', '잡곡밥', '가지나물', '마늘간장치킨', '포기김치', '쌀밥']"
220,2016-12-22,"['쇠고기버섯볶음', '양배추쌈*쌈장', '잡곡밥', '꽃게탕', '오이무침', '포기김치', '쌀밥']"
221,2016-12-23,"['치커리유자청무침', '떡갈비조림', '동태전', '잡곡밥', '얼갈이국', '포기김치', '쌀밥']"
222,2016-12-26,"['돈육간장불고기', '풋마늘대무침', '잡곡밥', '두부새싹구이', '포기김치', '동태찌개', '쌀밥']"
223,2016-12-27,"['우엉잡채', '열무된장국', '잡곡밥', '포기김치', '닭갈비', '쌀밥']"
224,2016-12-28,"['꽃맛살샐러드', '콩나물밥', '미트볼케찹조림', '가쯔오장국', '배추겉절이', '군고구마']"
225,2016-12-29,"['시래기국', '잡곡밥', '오징어볶음*소면', '쑥갓두부무침', '포기김치', '소세지감자조림', '쌀밥']"
226,2016-12-30,"['꽈리고추어묵볶음', '순두부찌개', '잡곡밥', '수제돈까스', '포기김치', '물미역초장', '쌀밥']"
227,2017-01-02,"['사골떡국', '부추깻잎전', '쇠고기낙지볶음', '잡곡밥', '통도라지구이', '포기김치', '쌀밥']"
228,2017-01-03,"['언양식불고기', '콩나물파채절이', '잡곡밥', '포기김치', '쌀밥', '홍합탕', '매운동태찜']"
229,2017-01-04,"['곤드레밥', '황태국', '동그랑땡전', '꽈리고추멸치볶음', '배추겉절이', '비빔메밀국수']"
230,2017-01-05,"['육개장', '굴비구이', '잡곡밥', '청경채생채', '두반장감자볶음', '포기김치', '쌀밥']"
231,2017-01-06,"['주꾸미초무침', '어묵볶음', '된장찌개', '잡곡밥', '레몬탕수육', '포기김치', '쌀밥']"
232,2017-01-09,"['콩나물국', '잡곡밥', '무쌈말이', '쫑상추무침', '포기김치', '동파육', '쌀밥']"
233,2017-01-10,"['잡곡밥', '주꾸미떡볶음', '고기전', '쇠고기미역국', '두반장가지볶음', '포기김치', '쌀밥']"
234,2017-01-11,"['팽이장국', '비빔밥', '생선까스', '오복지무침', '씨리얼과일샐러드', '포기김치']"
235,2017-01-12,"['잡곡밥', '봄동된장무침', '배추겉절이', '매운닭찜', '모듬버섯구이*초장', '쌀밥', '어묵국']"
236,2017-01-13,"['미니함박조림', '치커리유자생채', '잡곡밥', '짬뽕국', '포기김치', '잡채', '쌀밥']"
237,2017-01-16,"['꽃맛살햄볶음', '잡곡밥', '오징어볶음*소면', '얼갈이된장국', '참나물땅콩무침', '포기김치', '쌀밥']"
238,2017-01-17,"['쇠고기숙주볶음', '순두부찌개', '잡곡밥', '삼색묵무침', '시금치초생채', '포기김치', '쌀밥']"
239,2017-01-18,"['아욱국', '잡곡밥', '무쌈', '옥수수전', '배추겉절이', '훈제오리구이', '부추무침', '쌀밥']"
240,2017-01-19,"['유자청돈육볶음', '잡곡밥', '수제비국', '두부새싹구이', '포기김치', '청경채무침', '쌀밥']"
241,2017-01-20,"['비엔나케찹볶음', '잡곡밥', '닭개장', '가자미카레튀김', '포기김치', '파래김*양념장', '쌀밥']"
242,2017-01-23,"['냉이콩나물국', '잡곡밥', '새송이버섯전', '마늘쫑무침', '포기김치', '쌀밥', '닭볶음']"
243,2017-01-24,"['감자채볶음', '깻잎찜', '알탕', '돈육간장불고기', '잡곡밥', '포기김치', '쌀밥']"
244,2017-01-25,"['카레덮밥', '맑은국', '개성감자만두', '유린기', '오이사과무침', '포기김치']"
245,2017-01-26,"['잡곡밥', '배추된장국', '삼색꼬지전', '포기김치', '쌀밥', '콩나물무침', '소갈비찜']"
246,2017-01-31,"['잡곡밥', '언양식불고기*양파채', '진미채무침', '양잡피잡채', '포기김치', '미역국', '쌀밥']"
247,2017-02-01,"['모듬쌈', '시금치된장국', '잡곡밥', '닭살겨자채', '포기김치', '고추장불고기', '쌀밥']"
248,2017-02-02,"['알타리김치', '잡곡밥', '굴김치두부국', '스위트칠리미트볼', '갈치구이', '치커리생채', '쌀밥']"
249,2017-02-03,"['콩나물국', '잡곡밥', '무생채', '소고기낙지볶음', '연두부찜', '포기김치', '쌀밥']"
250,2017-02-06,"['단배추나물', '감자전', '잡곡밥', '포기김치', '쌀밥', '닭갈비', '냉이된장찌개']"
251,2017-02-07,"['잡곡밥', '땅콩멸치볶음', '실곤약무침', '유산슬', '대구매운탕', '포기김치', '쌀밥']"
252,2017-02-08,"['춘권*칠리소스', '콩나물밥', '맑은국', '물미역무침', '닭오븐구이', '포기김치']"
253,2017-02-09,"['알타리김치', '잡곡밥', '수제돈까스', '치커리생채', '명태조림', '배추국', '쌀밥']"
254,2017-02-10,"['김구이', '굴비구이', '홍어무침', '보름나물', '포기김치', '오곡밥', '소고기무국']"
255,2017-02-13,"['잡곡밥', '제육볶음', '도라지오이생채', '두부구이*양념장', '쇠고기미역국', '포기김치', '쌀밥']"
256,2017-02-14,"['된장찌개', '잡곡밥', '배추겉절이', '주꾸미볶음', '숙주나물', '돈육잡채', '쌀밥']"
257,2017-02-15,"['다시마쌈', '들깨시래기국', '잡곡밥', '해물김치전', '포기김치', '쌀밥', '순살파닭']"
258,2017-02-16,"['잡곡밥', '얼갈이나물', '소불고기', '포기김치', '홍합탕', '오징어초무침', '쌀밥']"
259,2017-02-17,"['등갈비김치찜', '깍두기', '동태전', '잡곡밥', '부추무침', '쌀밥', '어묵국']"
260,2017-02-20,"['치커리유자무침', '열무된장국', '잡곡밥', '새송이버섯전', '포기김치', '동파육', '쌀밥']"
261,2017-02-21,"['취나물', '잡곡밥', '배추겉절이', '야채계란찜', '낙지볶음', '버섯들깨탕', '쌀밥']"
262,2017-02-22,"['생선까스*탈탈소스', '알타리김치', '유부장국', '마늘쫑볶음', '나물비빔밥', '파스타샐러드']"
263,2017-02-23,"['돼지갈비찜', '메추리알조림', '콩나물국', '잡곡밥', '브로컬리초장', '포기김치', '쌀밥']"
264,2017-02-24,"['어묵볶음', '톳무침', '잡곡밥', '수제비국', '깐풍기', '포기김치', '쌀밥']"
265,2017-02-27,"['잡곡밥', '훈제오리구이', '봄동된장국', '양파절임', '오이부추무침', '포기김치', '녹두김치전', '쌀밥']"
266,2017-02-28,"['사골떡국', '언양식불고기', '잡곡밥', '배추겉절이', '돌나물무침', '콩나물동태찜', '쌀밥']"
267,2017-03-02,"['깍두기', '해초무침', '잡곡밥', '고등어조림', '돈육김치찌개', '팝콘치킨*데리마요', '쌀밥']"
268,2017-03-03,"['카레덮밥', '맑은국', '군만두', '무피클', '포기김치', '미니채소떡갈비']"
269,2017-03-06,"['동그랑땡전', '잡곡밥', '순살닭갈비', '포기김치', '쌀밥', '치커리사과무침', '어묵국']"
270,2017-03-07,"['봄동달래무침', '토란탕', '꽁치한마리구이', '잡곡밥', '돈육칠리강정', '포기김치', '쌀밥']"
271,2017-03-08,"['곤드레밥*강된장', '고추간장지', '오징어볶음', '미소국', '햄감자채볶음', '포기김치']"
272,2017-03-09,"['아욱국', '마늘치킨', '석박지', '골뱅이무침*소면', '잡곡밥', '숙주나물', '쌀밥']"
273,2017-03-10,"['잡곡밥', '얼큰순두부찌개', '도라지오이생채', '계란말이', '해물청경채볶음', '포기김치', '쌀밥']"
274,2017-03-13,"['오징어국', '버섯불고기', '잡곡밥', '야채계란찜', '포기김치', '파래김*양념장', '쌀밥']"
275,2017-03-14,"['우엉잡채', '미트볼케찹조림', '잡곡밥', '방풍나물', '포기김치', '동태찌개', '쌀밥']"
276,2017-03-15,"['잡곡밥', '옥수수전', '근대국', '건새우마늘쫑볶음', '포기김치', '양념찜닭', '쌀밥']"
277,2017-03-16,"['돈육굴소스볶음', '모듬쌈', '잡곡밥', '옹심이만두국', '콩나물겨자채', '포기김치', '쌀밥']"
278,2017-03-17,"['고추장찌개', '잡곡밥', '연근땅콩조림', '배추겉절이', '시금치나물', '치킨커틀렛', '쌀밥']"
279,2017-03-20,"['아욱국', '상추무침', '잡곡밥', '맛살전', '콩나물불고기', '포기김치', '쌀밥']"
280,2017-03-21,"['포기김치', '굴비구이', '부추생채', '잡곡밥', '쇠고기장조림', '쌀밥', '냉이된장찌개']"
281,2017-03-22,"['깍두기', '세발나물', '잡곡밥', '유린기', '비엔나볶음', '돈육김치찌개', '쌀밥']"
282,2017-03-23,"['돼지갈비찜', '물파래전', '잡곡밥', '통도라지구이', '포기김치', '쌀밥', '콩가루배추국']"
283,2017-03-24,"['김구이', '잡곡밥', '올방개묵무침', '대구매운탕', '고추잡채*꽃빵', '포기김치', '쌀밥']"
284,2017-03-27,"['알탕', '잡곡밥', '얼갈이나물', '오꼬노미계란말이', '포기김치', '쌀밥', '소고기숙주볶음']"
285,2017-03-28,"['탕평채', '잡곡밥', '소고기미역국', '주꾸미볶음', '시금치나물', '포기김치', '쌀밥']"
286,2017-03-29,"['땅콩조림', '팽이장국', '언양식불고기', '바나나', '포기김치', '봄나물비빔밥']"
287,2017-03-30,"['북어콩나물국', '잡곡밥', '사천식탕수육', '김치전', '포기김치', '쑥갓두부무침', '쌀밥']"
288,2017-03-31,"['쇠고기무국(빨갛게)', '닭가슴살장조림', '생선커틀렛', '잡곡밥', '포기김치', '콩나물무침', '쌀밥']"
289,2017-04-03,"['훈제오리(마늘만)', '쌈무', '잡곡밥', '오이달래무침', '꽃게탕', '양파절임', '포기김치', '쌀밥']"
290,2017-04-04,"['쇠불고기', '된장찌개', '잡곡밥', '동태전', '배추겉절이', '도토리묵무침', '쌀밥']"
291,2017-04-05,"['단무지무침', '부추만두', '유산슬', '짜장밥', '포기김치', '맑은계란국']"
292,2017-04-06,"['마늘치킨', '잡곡밥', '감자채전', '크래미숙주무침', '근대국', '포기김치', '쌀밥']"
293,2017-04-07,"['육개장', '잡곡밥', '버섯구이*발사믹D', '참나물생채', '포기김치', '미니채소떡갈비', '쌀밥']"
294,2017-04-10,"['쇠고기낙지볶음', '잡곡밥', '얼갈이국', '날치알계란찜', '비름나물', '포기김치', '쌀밥']"
295,2017-04-11,"['우엉잡채', '열무김치', '잡곡밥', '해물누룽지탕', '청경채무침', '김치찌개', '쌀밥']"
296,2017-04-12,"['맛살콩나물냉채', '삼겹살오븐구이', '잡곡밥', '들깨미역국', '파채상추무침', '포기김치', '쌀밥']"
297,2017-04-13,"['황태국', '매운어묵볶음', '닭데리야끼조림', '잡곡밥', '시금치나물', '포기김치', '쌀밥']"
298,2017-04-14,"['쇠고기샤브국', '메추리알조림', '잡곡밥', '오징어볶음', '머위된장나물', '포기김치', '쌀밥']"
299,2017-04-17,"['돈육굴소스볶음', '오징어숙회무침', '된장찌개', '잡곡밥', '방풍나물', '포기김치', '쌀밥']"
300,2017-04-18,"['들깨시래기국', '얼갈이겉절이', '잡곡밥', '시금치프리타타', '도라지생채', '쇠고기장조림', '쌀밥']"
301,2017-04-19,"['곤드레밥', '맑은국', '쫄면무침', '요플레', '탕수어', '포기김치']"
302,2017-04-20,"['아욱국', '등갈비김치찜', '열무김치', '가지나물', '잡곡밥', '참치야채전', '쌀밥']"
303,2017-04-21,"['부추생채', '브로컬리맛살볶음', '버섯불고기', '잡곡밥', '포기김치', '콩나물김치국', '쌀밥']"
304,2017-04-24,"['언양식불고기', '계란장조림', '잡곡밥', '아삭고추된장무침', '부대찌개', '포기김치', '쌀밥']"
305,2017-04-25,"['닭강정', '콩나물잡채', '잡곡밥', '차돌박이찌개', '도토리묵무침', '포기김치', '쌀밥']"
306,2017-04-26,"['맑은국', '깍두기', '비빔밥', '견과류조림', '하와이안샐러드', '오징어튀김']"
307,2017-04-27,"['열무김치', '잡곡밥', '영양부추생채', '매콤함박스테이크', '삼치구이', '미역국', '쌀밥']"
308,2017-04-28,"['곤약야채무침', '꽃게찌개', '잡곡밥', '배추겉절이', '숙주나물', '탕수육', '쌀밥']"
309,2017-05-02,"['참치김치찌개', '부추생채', '열무김치', '쌈무', '잡곡밥', '훈제오리구이', '올방개묵무침', '양파절임', '쌀밥']"
310,2017-05-04,"['잡곡밥', '생선까스*타르소스', '들깨미역국', '무생채', '포기김치', '닭갈비', '쌀밥']"
311,2017-05-08,"['홍어채무침', '머위대들깨볶음', '쇠불고기', '고추장찌개', '잡곡밥', '포기김치', '쌀밥']"
312,2017-05-10,"['된장찌개', '잡곡밥', '제육볶음', '포기김치', '콩나물무침', '잡채', '쌀밥']"
313,2017-05-11,"['깍두기', '잡곡밥', '새송이버섯전', '비름나물', '낙지볶음', '쌀밥', '콩가루배추국']"
314,2017-05-12,"['옹심이만두떡국', '카레감자채볶음', '잡곡밥', '유린기', '마늘쫑무침', '포기김치', '쌀밥']"
315,2017-05-15,"['치커리유자청무침', '매운어묵볶음', '열무김치', '잡곡밥', '돈육꽈리고추볶음', '쌀밥', '콩비지찌개']"
316,2017-05-16,"['쇠고기샤브국', '양념깻잎지', '잡곡밥', '오징어볶음', '맛살계란찜', '포기김치', '쌀밥']"
317,2017-05-17,"['열무된장국', '미나리오이무침', '동태전', '잡곡밥', '쇠고기장조림', '포기김치', '쌀밥']"
318,2017-05-18,"['깍두기', '굴비구이', '잡곡밥', '부대찌개', '고추잡채*꽃빵', '청경채무침', '쌀밥']"
319,2017-05-19,"['새우살미역국', '잡곡밥', '참나물생채', '콩나물겨자채', '포기김치', '순살양념치킨', '쌀밥']"
320,2017-05-22,"['시금치된장국', '양배추*쌈', '잡곡밥', '버섯구이*발사믹D', '제육볶음', '포기김치', '쌀밥']"
321,2017-05-23,"['간장찜닭', '해초무침', '소고기국', '잡곡밥', '부추전', '포기김치', '쌀밥']"
322,2017-05-24,"['고등어구이', '콩나물밥', '열무김치', '고추지', '감자프리타타', '김치국']"
323,2017-05-25,"['오리불고기', '상추겉절이', '들깨시래기국', '잡곡밥', '오이소박이', '두부조림', '쌀밥']"
324,2017-05-26,"['동그랑땡전', '부추생채', '콩나물국', '잡곡밥', '주꾸미떡볶음', '포기김치', '쌀밥']"
325,2017-05-29,"['황태국', '청경채사과생채', '잡곡밥', '계란찜', '소불고기', '포기김치', '쌀밥']"
326,2017-05-30,"['동파삼겹수육', '아삭고추무침', '잡곡밥', '얼갈이된장국', '맛살전', '포기김치', '쌀밥']"
327,2017-05-31,"['탕수만두', '콥샐러드', '오이지무침', '가쯔오장국', '포기김치', '열무보리비빔밥']"
328,2017-06-01,"['어묵볶음', '등갈비김치찜', '깍두기', '오이냉국', '잡곡밥', '참나물땅콩무침', '쌀밥']"
329,2017-06-02,"['모듬소세지볶음', '삼치된장구이', '잡곡밥', '배추겉절이', '돈육김치찌개', '도토리묵무침', '쌀밥']"
330,2017-06-05,"['돈육굴소스볶음', '잡곡밥', '모둠쌈', '계란말이', '씨앗쌈장', '근대국', '포기김치', '쌀밥']"
331,2017-06-07,"['부추생채', '쌈무', '콩나물국', '잡곡밥', '새송이버섯전', '훈제오리구이', '포기김치', '쌀밥']"
332,2017-06-08,"['골뱅이무침*소면', '잡곡밥', '배추겉절이', '얼갈이된장국', '숙주나물', '미니채소떡갈비', '쌀밥']"
333,2017-06-09,"['호박잎된장찌개', '실곤약초무침', '잡곡밥', '깐풍기', '어묵꽈리고추볶음', '포기김치', '쌀밥']"
334,2017-06-12,"['홍어채무침', '쇠고기숙주볶음', '잡곡밥', '고구마순나물', '연두부탕', '포기김치', '쌀밥']"
335,2017-06-13,"['치커리사과생채', '도토리묵냉국', '깍두기', '늙은호박전', '잡곡밥', '쭈꾸미볶음', '쌀밥']"
336,2017-06-14,"['치킨핑거', '곤드레밥*강된장', '견과류조림', '가쯔오장국', '파스타샐러드', '포기김치']"
337,2017-06-15,"['쇠고기샤브국', '메추리알조림', '잡곡밥', '배추겉절이', '무생채', '갈치구이', '쌀밥']"
338,2017-06-16,"['감자채볶음', '잡곡밥', '아욱된장국', '쫑상추무침', '포기김치', '삼겹살구이', '쌀밥']"
339,2017-06-19,"['오이도라지생채', '들깨시래기국', '유자청제육볶음', '잡곡밥', '해물부추전', '포기김치', '쌀밥']"
340,2017-06-20,"['열무김치', '잡곡밥', '고등어김치말이', '연근조림', '오이지냉국', '감자비엔나볶음', '쌀밥']"
341,2017-06-21,"['유부주머니국', '떡볶이', '언양식불고기', '카레라이스', '수박', '포기김치']"
342,2017-06-22,"['양념깻잎지', '잡곡밥', '해물누룽지탕', '쇠고기미역국', '포기김치', '비빔야채만두', '쌀밥']"
343,2017-06-23,"['잡곡밥', '나가사끼짬뽕국', '셀프무쌈말이', '콩나물무침', '포기김치', '닭갈비', '쌀밥']"
344,2017-06-26,"['잡곡밥', '양배추쌈*양념장', '훈제오리고추장볶음', '곤약흑임자무침', '차돌박이찌개', '포기김치', '쌀밥']"
345,2017-06-27,"['북어콩나물국', '잡곡밥', '오징어볶음', '동그랑땡구이', '시금치나물', '포기김치', '쌀밥']"
346,2017-06-28,"['콩나물밥', '깍두기', '아삭고추무침', '얼갈이된장국', '삼치구이', '잡채']"
347,2017-06-29,"['두부양념조림', '부추생채', '잡곡밥', '갈릭돈까스', '우무묵냉국', '포기김치', '쌀밥']"
348,2017-06-30,"['열무김치', '꼬지어묵탕', '잡곡밥', '감자채전', '매운닭찜', '미역줄기볶음', '쌀밥']"
349,2017-07-03,"['콩나물국', '잡곡밥', '계란찜', '짬뽕불고기', '청경채겉절이', '포기김치', '쌀밥']"
350,2017-07-04,"['잡곡밥', '배추된장국', '고기전', '미역레몬초무침', '낙지볶음', '포기김치', '쌀밥']"
351,2017-07-05,"['사과', '군만두', '열무김치', '짜장덮밥', '계란국', '유산슬', '단무지']"
352,2017-07-06,"['알타리김치', '어묵볶음', '등갈비김치찜', '잡곡밥', '아욱된장국', '참나물', '쌀밥']"
353,2017-07-07,"['오이냉국', '잡곡밥', '유린기', '숙주나물', '도토리묵무침', '포기김치', '쌀밥']"
354,2017-07-10,"['버섯불고기', '해물겨자냉채', '콩나물국', '잡곡밥', '우엉조림', '포기김치', '쌀밥']"
355,2017-07-11,"['잡곡밥', '주꾸미떡볶음', '두부계란구이', '브로컬리초장', '포기김치', '쌀밥', '어묵국']"
356,2017-07-12,"['깍두기', '찹쌀밥', '수박', '생야채&쌈장', '<초복특식>', '삼계탕']"
357,2017-07-13,"['돼지갈비찜', '치커리유자청무침', '동태전', '잡곡밥', '근대국', '포기김치', '쌀밥']"
358,2017-07-14,"['알타리김치', '잡곡밥', '버섯잡채', '부대찌개', '갈치조림', '쑥갓두부무침', '쌀밥']"
359,2017-07-17,"['모듬양채쌈', '잡곡밥', '돈육고추장볶음', '무채국', '포기김치', '간장두부조림', '쌀밥']"
360,2017-07-18,"['치커리무침', '간장찜닭', '열무된장국', '잡곡밥', '통도라지구이', '포기김치', '쌀밥']"
361,2017-07-19,"['양장피잡채', '오꼬노미야끼', '알타리김치', '맑은국', '김치제육덮밥', '천도복숭아']"
362,2017-07-20,"['오징어굴소스볶음', '잡곡밥', '모둠버섯구이', '오이무침', '포기김치', '쌀밥', '소고기매운무국']"
363,2017-07-21,"['미트볼케찹조림', '잡곡밥', '메밀전', '영양부추생채', '닭곰탕', '포기김치', '쌀밥']"
364,2017-07-24,"['동그랑땡전', '잡곡밥', '얼갈이된장무침', '어묵탕', '콩나물불고기', '포기김치', '쌀밥']"
365,2017-07-25,"['된장찌개', '잡곡밥', '배추겉절이', '닭살냉채', '가자미카레튀김', '참나물무침', '쌀밥']"
366,2017-07-26,"['미소장국', '나물비빔밥', '파스타샐러드', '소세지오븐구이', '포기김치', '오렌지']"
367,2017-07-27,"['잡곡밥', '콩나물냉국', '오징어브로컬리*초장', '멸치크렌베리볶음', '포기김치', '쌀밥', '순살파닭']"
368,2017-07-28,"['쇠고기샤브국', '해초무침', '연두부*양념장', '잡곡밥', '주꾸미떡볶음', '포기김치', '쌀밥']"
369,2017-07-31,"['홍어채무침', '시래기조림', '쇠고기숙주볶음', '잡곡밥', '연두부탕', '포기김치', '쌀밥']"
370,2017-08-01,"['우엉잡채', '머위대나물', '잡곡밥', '해물누룽지탕', '배추겉절이', '부대찌개', '쌀밥']"
371,2017-08-02,"['치커리사과생채', '잡곡밥', '꽃게탕', '두부계란구이', '포기김치', '미니채소떡갈비', '쌀밥']"
372,2017-08-03,"['잡곡밥', '꽈리고추어묵조림', '닭오븐구이', '무생채', '포기김치', '오이미역냉국', '쌀밥']"
373,2017-08-04,"['메추리알조림', '열무김치', '콩나물국', '잡곡밥', '제육볶음', '양배추쌈', '*쌈장', '호박잎', '쌀밥']"
374,2017-08-07,"['쇠고기낙지볶음', '잡곡밥', '새송이버섯전', '참나물땅콩무침', '포기김치', '쌀밥', '어묵국']"
375,2017-08-08,"['잡곡밥', '시금치프리타타', '마늘쫑무침', '포기김치', '닭갈비', '미역국', '쌀밥']"
376,2017-08-09,"['두부양념조림', '도토리묵냉국', '단배추나물', '잡곡밥', '수제돈까스', '포기김치', '쌀밥']"
377,2017-08-10,"['알타리김치', '잡곡밥', '셀프무쌈말이', '돈육김치찌개', '비엔나감자볶음', '갈치구이', '쌀밥']"
378,2017-08-11,"['어묵볶음', '고추장찌개', '샐러드바:과일', '잡곡밥', '돈육보쌈', '쌈&야채스틱', '포기김치', '쌀밥']"
379,2017-08-14,"['된장찌개', '잡곡밥', '짬뽕불고기', '청경채생채', '옥수수계란찜', '포기김치', '쌀밥']"
380,2017-08-16,"['모듬묵양념장', '잡곡밥', '오징어볶음*소면', '오이무침', '쇠고기무국', '포기김치', '쌀밥']"
381,2017-08-17,"['치커리무침', '들깨시래기국', '잡곡밥', '매운닭찜', '임연수구이', '포기김치', '쌀밥']"
382,2017-08-18,"['해물까스*칠리소스', '맑은국', '열무김치', '부추만두', '단무지', '짜장밥']"
383,2017-08-21,"['조랭이떡미역국', '소고기불고기', '잡곡밥', '김치전', '포기김치', '콩나물무침', '쌀밥']"
384,2017-08-22,"['표고버섯탕수육', '간장깻잎지', '잡곡밥', '해물된장찌개', '배추겉절이', '두부조림', '쌀밥']"
385,2017-08-23,"['감자채볶음', '가자미양념찜', '열무김치', '곤드레밥*강된장', '가쯔오장국', '검정콩조림']"
386,2017-08-24,"['쇠고기샤브국', '잡곡밥', '비름나물', '주꾸미굴소스볶음', '포기김치', '볼어묵볶음', '쌀밥']"
387,2017-08-25,"['미트볼케찹조림', '알탕', '잡곡밥', '계란말이', '마늘쫑무침', '포기김치', '쌀밥']"
388,2017-08-28,"['매운어묵볶음', '돈육간장불고기', '콩나물국', '잡곡밥', '포기김치', '쑥갓두부무침', '쌀밥']"
389,2017-08-29,"['치커리사과생채', '동태전', '잡곡밥', '배추된장국', '포기김치', '닭갈비', '쌀밥']"
390,2017-08-30,"['미소장국', '산채비빔밥', '언양식불고기', '아삭고추무침', '과일샐러드', '포기김치']"
391,2017-08-31,"['알타리김치', '육개장', '탕수만두', '굴비구이', '잡곡밥', '오이무침', '쌀밥']"
392,2017-09-01,"['시래기국', '열무김치', '쌈무', '잡곡밥', '훈제오리구이', '두부구이*양념장', '양파절임', '쌀밥']"
393,2017-09-04,"['실곤약초무침', '버섯불고기', '잡곡밥', '야채계란찜', '북어국', '포기김치', '쌀밥']"
394,2017-09-05,"['땅콩조림', '등갈비김치찜', '열무김치', '잡곡밥', '도토리묵무침', '연두부탕', '쌀밥']"
395,2017-09-06,"['마늘치킨', '양배추쌈*쌈장', '잡곡밥', '꽃게탕', '포기김치', '고구마줄기볶음', '쌀밥']"
396,2017-09-07,"['호박나물', '잡곡밥', '오징어볶음*소면', '고기전', '쇠고기미역국', '포기김치', '쌀밥']"
397,2017-09-08,"['열무된장국', '잡곡밥', '셀프무쌈말이', '통도라지구이', '포기김치', '동파육', '쌀밥']"
398,2017-09-11,"['치커리무침', '시래기된장국', '유자청제육볶음', '잡곡밥', '오꼬노미야끼계란말이', '포기김치', '쌀밥']"
399,2017-09-12,"['잡곡밥', '해물누룽지탕', '마늘쫑무침', '차돌박이찌개', '포기김치', '돈육잡채', '쌀밥']"
400,2017-09-13,"['미소장국', '떡갈비조림', '모듬묵샐러드', '오복지', '요플레', '카레라이스', '포기김치']"
401,2017-09-14,"['부추생채', '잡곡밥', '닭찜', '두부계란부침', '포기김치', '고사리육개장', '쌀밥']"
402,2017-09-15,"['고등어구이', '참치김치찌개', '알타리김치', '잡곡밥', '참나물무침', '단호박장조림', '쌀밥']"
403,2017-09-18,"['언양식불고기', '잡곡밥', '해물순두부찌개', '감자채전', '쫑상추무침', '포기김치', '쌀밥']"
404,2017-09-19,"['취나물', '잡곡밥', '배추겉절이', '비엔나케찹조림', '소고기낙지볶음', '들깨버섯국', '쌀밥']"
405,2017-09-20,"['콩나물밥', '가쯔오국', '아삭고추무침', '메밀전병만두', '감자프리타타', '포기김치']"
406,2017-09-21,"['온두부', '꽁치구이', '쇠고기샤브국', '열무김치', '잡곡밥', '김치제육볶음', '쌀밥']"
407,2017-09-22,"['모듬묵*양념장', '잡곡밥', '콩나물겨자채', '포기김치', '쌀밥', '순살양념치킨', '콩가루배추국']"
408,2017-09-25,"['잡곡밥', '짬뽕불고기', '도라지오이생채', '근대국', '포기김치', '실곤약흑임자무침', '쌀밥']"
409,2017-09-26,"['시래기들깨탕', '해물파전', '잡곡밥', '숙주나물', '포기김치', '닭갈비', '쌀밥']"
410,2017-09-27,"['어묵볶음', '콩나물국', '잡곡밥', '상추파무침', '포기김치', '삼겹살구이', '쌀밥']"
411,2017-09-28,"['매운주꾸미볶음', '잡곡밥', '두부새싹구이', '차돌박이찌개', '브로컬리초장', '포기김치', '쌀밥']"
412,2017-09-29,"['쇠불고기', '미니케익', '오징어숙회무침', '잡곡밥', '식혜', '배추겉절이', '잡채', '미역국', '쌀밥']"
413,2017-10-10,"['아욱국', '부추생채', '쌈무', '잡곡밥', '계란찜', '훈제오리구이', '포기김치', '쌀밥']"
414,2017-10-11,"['유채나물', '고추장찌개', '궁중떡찜', '잡곡밥', '레몬탕수육', '포기김치', '쌀밥']"
415,2017-10-12,"['잡곡밥', '새송이버섯전', '해물된장찌개', '닭찜', '포기김치', '얼갈이생채', '쌀밥']"
416,2017-10-13,"['치커리유자청무침', '메추리알조림', '잡곡밥', '오징어볶음*소면', '쇠고기무국', '포기김치', '쌀밥']"
417,2017-10-16,"['잡곡밥', '모둠쌈', '제육볶음', '해파리겨자채', '차돌박이찌개', '포기김치', '쌀밥']"
418,2017-10-17,"['잡곡밥', '고등어조림', '참나물생채', '근대국', '고추잡채*꽃빵', '포기김치', '쌀밥']"
419,2017-10-18,"['수제돈가스', '잡곡밥', '시금치프리타타', '오이무침', '포기김치', '민물새우찌개', '쌀밥']"
420,2017-10-19,"['마파두부', '새알미역국', '가지나물', '잡곡밥', '유린기', '배추겉절이', '쌀밥']"
421,2017-10-20,"['메밀부추전', '도라지초무침', '쇠고기매운버섯국', '잡곡밥', '해물청경채볶음', '포기김치', '쌀밥']"
422,2017-10-23,"['홍어채무침', '버섯불고기', '콩나물국', '잡곡밥', '마늘쫑볶음', '포기김치', '쌀밥']"
423,2017-10-24,"['미역줄기볶음', '잡곡밥', '배추된장국', '두부계란부침', '쭈꾸미볶음', '포기김치', '쌀밥']"
424,2017-10-25,"['알타리김치', '쇠고기잡채', '곤드레밥*강된장', '가쯔오장국', '갈치조림', '쑥갓두부무침']"
425,2017-10-26,"['치킨핑거', '육개장', '잡곡밥', '도토리묵무침', '물파래무침', '포기김치', '쌀밥']"
426,2017-10-27,"['돼지갈비찜', '어묵볶음', '잡곡밥', '배추겉절이', '무나물', '쌀밥', '시금치국']"
427,2017-10-30,"['취나물', '들깨시래기국', '연두부*양념장', '잡곡밥', '포기김치', '닭갈비', '쌀밥']"
428,2017-10-31,"['콩나물파채', '잡곡밥', '옥수수전', '배추겉절이', '근대국', '돈삼겹보쌈', '상추쌈', '쌀밥']"
429,2017-11-01,"['카레덮밥', '맑은국', '개성감자만두', '파스타샐러드', '군고구마', '포기김치']"
430,2017-11-02,"['사골떡국', '치커리사과생채', '잡곡밥', '오징어볶음', '계란말이', '포기김치', '쌀밥']"
431,2017-11-03,"['실곤약초무침', '누룽지탕수육', '된장찌개', '잡곡밥', '포기김치', '톳두부무침', '쌀밥']"
432,2017-11-06,"['참치야채전', '호박나물', '잡곡밥', '짬뽕불고기', '포기김치', '쌀밥', '콩가루배추국']"
433,2017-11-07,"['오징어국', '잡곡밥', '수제돈까스', '봄동겉절이', '삼치구이', '포기김치', '쌀밥']"
434,2017-11-08,"['콩나물밥', '미역장국', '언양식불고기', '도라지오이무침', '배추겉절이', '과일샐러드']"
435,2017-11-09,"['잡곡밥', '해물된장찌개', '매운닭찜', '두부조림', '시금치나물', '포기김치', '쌀밥']"
436,2017-11-10,"['등갈비김치찜', '깍두기', '올갱이아욱국', '들깨버섯무침', '잡곡밥', '숙주나물', '쌀밥']"
437,2017-11-13,"['해물파전', '소고기불고기', '잡곡밥', '통도라지구이', '포기김치', '쌀밥', '시금치국']"
438,2017-11-14,"['돼지갈비찜', '알타리김치', '새알미역국', '세발나물', '잡곡밥', '두부새싹구이', '쌀밥']"
439,2017-11-15,"['굴비구이', '곤드레밥*간장양념', '무생채', '청양된장찌개', '포기김치', '궁중떡볶이']"
440,2017-11-16,"['가지무침', '잡곡밥', '메밀전병만두', '찜닭', '북어계란국', '포기김치', '쌀밥']"
441,2017-11-17,"['동태전', '잡곡밥', '양념깻잎지', '배추겉절이', '쌀밥', '미니채소떡갈비', '콩비지찌개']"
442,2017-11-20,"['치커리유자청무침', '알타리김치', '잡곡밥', '오징어볶음', '계란말이', '차돌박이찌개', '쌀밥']"
443,2017-11-21,"['포기김치', '잡곡밥', '맛살겨자채', '물파래무침', '순살파닭', '쌀밥', '어묵국']"
444,2017-11-22,"['깍두기', '모듬묵샐러드', '가쯔오장국', '돈육칠리강정', '숙주나물', '단호박영양밥']"
445,2017-11-23,"['잡곡밥', '오이무침', '쇠고기무국', '갈치구이', '포기김치', '고추잡채*꽃빵', '쌀밥']"
446,2017-11-24,"['돈육굴소스볶음', '물미역*초장', '잡곡밥', '새송이버섯전', '꽃게탕', '포기김치', '쌀밥']"
447,2017-11-27,"['아욱국', '골뱅이무침*소면', '버섯불고기', '잡곡밥', '무나물', '포기김치', '쌀밥']"
448,2017-11-28,"['견과류조림', '잡곡밥', '참나물생채', '사천식탕수육', '연두부탕', '포기김치', '쌀밥']"
449,2017-11-29,"['미소장국', '깍두기', '코다리조림', '나물비빔밥', '군고구마', '과일샐러드']"
450,2017-11-30,"['알타리김치', '들깨시래기국', '메추리알조림', '잡곡밥', '제육볶음', '콩나물무침', '쌀밥']"
451,2017-12-01,"['취나물', '잡곡밥', '옥수수전', '찜닭', '동태탕', '포기김치', '쌀밥']"
452,2017-12-04,"['돈육피망볶음', '잡곡밥', '모둠쌈', '해파리겨자채', '들깨무채국', '포기김치', '쌀밥']"
453,2017-12-05,"['잡곡밥', '계란찜', '배추겉절이', '오이생채', '낙지볶음', '소고기된장찌개', '쌀밥']"
454,2017-12-06,"['유부주머니국', '콩나물밥', '두부양념조림', '생선까스&탈탈소스', '포기김치', '단호박범벅']"
455,2017-12-07,"['잡곡밥', '닭볶음탕', '마늘쫑건새우볶음', '부추전', '봄동된장국', '포기김치', '쌀밥']"
456,2017-12-08,"['김구이*달래간장', '미트볼케찹조림', '잡곡밥', '사각어묵볶음', '부대찌개', '포기김치', '쌀밥']"
457,2017-12-11,"['홍어채무침', '돈육굴소스볶음', '양념깻잎지', '잡곡밥', '해물된장찌개', '포기김치', '쌀밥']"
458,2017-12-12,"['깍두기', '오이미역무침', '잡곡밥', '해물누룽지탕', '계란말이', '차돌박이찌개', '쌀밥']"
459,2017-12-13,"['미소장국', '떡갈비조림', '모듬묵*양념장', '오복지', '요플레', '카레라이스', '포기김치']"
460,2017-12-14,"['우거지해장국', '잡곡밥', '배추겉절이', '명태코다리조림', '비엔나케찹볶음', '시금치나물', '쌀밥']"
461,2017-12-15,"['표고버섯탕수육', '들깨시래기국', '잡곡밥', '두부오꼬노미야끼', '마늘쫑무침', '포기김치', '쌀밥']"
462,2017-12-18,"['실곤약초무침', '오징어국', '버섯불고기', '잡곡밥', '상추쑥갓생채', '포기김치', '쌀밥']"
463,2017-12-19,"['물미역*초장', '달래된장국', '잡곡밥', '시금치프리타타', '주꾸미볶음', '포기김치', '쌀밥']"
464,2017-12-20,"['잡곡밥', '새송이버섯전', '배추겉절이', '파채콩나물무침', '동파육', '민물새우찌개', '쌀밥']"
465,2017-12-21,"['어묵볶음', '부추생채', '순두부찌개', '쌈무', '잡곡밥', '훈제오리구이', '포기김치', '쌀밥']"
466,2017-12-22,"['간장마늘치킨', '콩나물국', '잡곡밥', '무나물', '포기김치', '오징어초무침', '쌀밥']"
467,2017-12-26,"['언양식불고기', '호박나물', '잡곡밥', '꽃게탕', '날치알계란찜', '포기김치', '쌀밥']"
468,2017-12-27,"['동그랑땡전', '잡곡밥', '오징어볶음', '쇠고기미역국', '포기김치', '무쌈말이', '쌀밥']"
469,2017-12-28,"['돼지갈비찜', '잡곡밥', '아욱된장국', '콩나물겨자채', '참나물무침', '포기김치', '쌀밥']"
470,2017-12-29,"['잡곡밥', '연근땅콩조림', '닭볶음탕', '배추겉절이', '파래김*양념', '쌀밥', '어묵국']"
471,2018-01-02,"['사골떡국', '잡곡밥', '식혜', '오이무침', '김치전', '포기김치', '쌀밥', '한방소갈비찜']"
472,2018-01-03,"['청량된장찌개', '굴비구이', '곤드레밥*간장양념', '무생채', '포기김치', '궁중떡볶이']"
473,2018-01-04,"['깍두기', '고구마그라탕', '잡곡밥', '제육볶음', '모둠쌈*쌈장', '쌀밥', '콩가루배추국']"
474,2018-01-05,"['깍두기', '잡곡밥', '곤약어묵볶음', '깐풍기', '매운콩나물무침', '부대찌개', '쌀밥']"
475,2018-01-08,"['황태국', '청경채사과생채', '잡곡밥', '계란찜', '소불고기', '포기김치', '쌀밥']"
476,2018-01-09,"['유채나물', '잡곡밥', '양파치킨', '근대국', '비엔나케찹볶음', '포기김치', '쌀밥']"
477,2018-01-10,"['콩나물밥', '맑은국', '해물까스', '참나물생채', '고추잡채*꽃빵', '포기김치']"
478,2018-01-11,"['호박나물', '잡곡밥', '배추겉절이', '오징어돈육볶음', '봄동된장국', '참치야채전', '쌀밥']"
479,2018-01-12,"['명태코다리강정', '모둠버섯볶음', '양념깻잎지', '잡곡밥', '차돌박이찌개', '포기김치', '쌀밥']"
480,2018-01-15,"['아욱국', '해물파전', '유자청제육볶음', '잡곡밥', '숙주나물', '포기김치', '쌀밥']"
481,2018-01-16,"['잡곡밥', '쫄면무침', '꽃게탕', '참나물땅콩무침', '포기김치', '미니채소떡갈비', '쌀밥']"
482,2018-01-17,"['치킨핑거', '가쯔오장국', '마늘쫑볶음', '요플레', '나물비빔밥', '포기김치']"
483,2018-01-18,"['알타리김치', '해파리냉채', '된장찌개', '잡곡밥', '통도라지구이', '쇠고기장조림', '쌀밥']"
484,2018-01-19,"['육개장', '잡곡밥', '버섯잡채', '무생채', '탕수어', '포기김치', '쌀밥']"
485,2018-01-22,"['쇠고기숙주볶음', '골뱅이무침', '세발나물무침', '잡곡밥', '북어국', '포기김치', '쌀밥']"
486,2018-01-23,"['시금치된장국', '잡곡밥', '오징어볶음', '고기전', '봄동겉절이', '포기김치', '쌀밥']"
487,2018-01-24,"['맑은국', '과일탕수육', '짜장덮밥', '개성감자만두', '배추겉절이', '단무지']"
488,2018-01-25,"['돈육굴소스볶음', '모듬쌈', '잡곡밥', '황태양념구이', '김치콩나물국', '포기김치', '쌀밥']"
489,2018-01-26,"['포기김치', '늙은호박전', '잡곡밥', '오이사과무침', '연두부탕', '쌀밥', '순살파닭']"
490,2018-01-29,"['가래떡돼지갈비찜', '잡곡밥', '봄동된장국', '콩나물겨자채', '참나물무침', '포기김치', '쌀밥']"
491,2018-01-30,"['가지나물', '잡곡밥', '닭볶음', '새송이버섯전', '포기김치', '쌀밥', '어묵국']"
492,2018-01-31,"['양장피잡채', '미소장국', '알타리김치', '김치제육덮밥', '아삭고추무침', '계란찜', '귤']"
493,2018-02-01,"['부추생채', '잡곡밥', '삼치구이', '닭곰탕', '매콤미니함박', '포기김치', '쌀밥']"
494,2018-02-02,"['표고버섯탕수육', '잡곡밥', '배추겉절이', '해물김치전', '차돌박이찌개', '숙주나물', '쌀밥']"
495,2018-02-05,"['홍어채무침', '시래기조림', '순두부찌개', '잡곡밥', '돈육볶음', '포기김치', '쌀밥']"
496,2018-02-06,"['알타리김치', '잡곡밥', '해물된장찌개', '쇠고기장조림', '참치야채전', '콩나물무침', '쌀밥']"
497,2018-02-07,"['유부주머니국', '콩나물밥', '언양식불고기', '도라지오이무침', '치즈계란말이', '포기김치']"
498,2018-02-08,"['열무된장국', '동파삼겹수육', '연두부*양념장', '잡곡밥', '양념깻잎지', '배추겉절이', '쌀밥']"
499,2018-02-09,"['깍두기', '잡곡밥', '메밀전', '해물청경채볶음', '도토리묵무침', '부대찌개', '쌀밥']"
500,2018-02-12,"['실곤약초무침', '양배추쌈*쌈장', '잡곡밥', '차돌박이찌개', '포기김치', '닭갈비', '쌀밥']"
501,2018-02-13,"['모둠버섯볶음', '잡곡밥', '아욱된장국', '사천식탕수육', '포기김치', '쑥갓두부무침', '쌀밥']"
502,2018-02-14,"['떡국', '취나물', '버섯불고기', '오징어숙회무침', '잡곡밥', '배추겉절이', '쌀밥']"
503,2018-02-19,"['두부양념조림', '부추생채', '쌈무', '잡곡밥', '훈제오리구이', '들깨미역국', '포기김치', '쌀밥']"
504,2018-02-20,"['알타리김치', '늙은호박전', '잡곡밥', '배추된장국', '짬뽕불고기', '청경채사과무침', '쌀밥']"
505,2018-02-21,"['카레덮밥', '맑은국', '고구마치즈구이', '오이무침', '파스타샐러드', '포기김치']"
506,2018-02-22,"['마늘치킨', '콩나물국', '잡곡밥', '모둠묵*양념장', '미역줄기볶음', '포기김치', '쌀밥']"
507,2018-02-23,"['등갈비김치찜', '깍두기', '시금치된장국', '잡곡밥', '쫑상추무침', '맛살냉채', '쌀밥']"
508,2018-02-26,"['치커리무침', '황태국', '잡곡밥', '새송이버섯전', '포기김치', '쌀밥', '소고기숙주볶음']"
509,2018-02-27,"['돼지갈비찜', '잡곡밥', '마늘쫑볶음', '아욱된장국', '곰피초장', '포기김치', '쌀밥']"
510,2018-02-28,"['곤드레밥*강된장', '치킨핑거*요거트소스', '콩조림', '배추겉절이', '도토리묵무침', '어묵국']"
511,2018-03-02,"['차돌박이된장찌개', '오징어숙회무침', '보름나물', '구이김', '부럼', '조기구이', '포기김치', '오곡밥', '쌀밥']"
512,2018-03-05,"['알타리김치', '해파리냉채', '소고기장조림', '잡곡밥', '청경채생채', '해물순두부찌개', '쌀밥']"
513,2018-03-06,"['닭강정', '치킨무', '해물파전', '단배추나물', '근대된장국', '잡곡밥', '포기김치', '쌀밥']"
514,2018-03-07,"['콩나물밥', '깍두기', '가쯔오국', '떡잡채', '얼갈이나물', '삼치구이']"
515,2018-03-08,"['오리불고기', '탕평채', '간장깻잎지', '잡곡밥', '포기김치', '홍합탕', '쌀밥']"
516,2018-03-09,"['쇠고기샤브국', '잡곡밥', '주꾸미볶음', '두부새싹구이', '참나물무침', '포기김치', '쌀밥']"
517,2018-03-12,"['부추생채', '버섯불고기', '잡곡밥', '배추된장국', '시금치프리타타', '포기김치', '쌀밥']"
518,2018-03-13,"['우엉잡채', '미트볼케찹조림', '가지나물', '잡곡밥', '쇠고기무국', '포기김치', '쌀밥']"
519,2018-03-14,"['깍두기', '두부*김치볶음', '시금치된장국', '시래기지짐', '잡곡밥', '탕수어', '쌀밥']"
520,2018-03-15,"['어묵볶음', '닭데리야끼조림', '잡곡밥', '숙주나물', '동태탕', '포기김치', '쌀밥']"
521,2018-03-16,"['동그랑땡전', '세발나물', '잡곡밥', '얼갈이국', '오징어볶음', '배추겉절이', '쌀밥']"
522,2018-03-19,"['골뱅이무침*소면', '잡곡밥', '돈육간장볶음', '무나물', '포기김치', '쌀밥', '어묵국']"
523,2018-03-20,"['된장찌개', '잡곡밥', '견과류조림', '해물누룽지탕', '고기전', '포기김치', '쌀밥']"
524,2018-03-21,"['양배추쌈*쌈장', '잡곡밥', '닭볶음탕', '도토리묵무침', '쇠고기미역국', '포기김치', '쌀밥']"
525,2018-03-22,"['깍두기', '우거지해장국', '잡곡밥', '코다리강정', '계란말이', '청경채나물', '쌀밥']"
526,2018-03-23,"['메추리알곤약조림', '열무된장국', '잡곡밥', '참나물생채', '수제돈까스', '포기김치', '쌀밥']"
527,2018-03-26,"['치커리사과무침', '새송이버섯조림', '잡곡밥', '차돌박이찌개', '포기김치', '닭갈비', '쌀밥']"
528,2018-03-27,"['알타리김치', '등갈비김치찜', '콩나물국', '잡곡밥', '부추전', '흑임자연근샐러드', '쌀밥']"
529,2018-03-28,"['유부장국', '유린기', '단호박카레라이스', '오복지', '볼어묵볶음', '포기김치']"
530,2018-03-29,"['얼큰소고기국', '잡곡밥', '계란찜', '숙주나물', '고추잡채*꽃빵', '포기김치', '쌀밥']"
531,2018-03-30,"['참치김치찌개', '미니함박조림', '깍두기', '잡곡밥', '취나물무침', '주꾸미볶음', '쌀밥']"
532,2018-04-02,"['알타리김치', '비엔나간장볶음', '아삭고추무침', '잡곡밥', '소고기낙지볶음', '들깨버섯국', '쌀밥']"
533,2018-04-03,"['언양식불고기', '잡곡밥', '쑥갓두부무침', '동태매운탕', '포기김치', '잡채', '쌀밥']"
534,2018-04-04,"['시저샐러드', '곤드레밥*강된장', '오징어숙회무침', '가쯔오장국', '닭오븐구이', '포기김치']"
535,2018-04-05,"['쑥된장국', '오이도라지생채', '잡곡밥', '류산슬', '오꼬노미야끼계란말이', '포기김치', '쌀밥']"
536,2018-04-06,"['열무김치', '잡곡밥', '수제비국', '연두부*달래장', '양념치킨', '진미채무침', '쌀밥']"
537,2018-04-09,"['해파리냉채', '모듬쌈', '콩나물국', '잡곡밥', '제육볶음', '포기김치', '쌀밥']"
538,2018-04-10,"['홍어채무침', '알타리김치', '소고기장조림', '잡곡밥', '참나물땅콩무침', '민물새우찌개', '쌀밥']"
539,2018-04-11,"['아욱국', '해초무침', '새싹두부구이', '잡곡밥', '오징어볶음', '배추겉절이', '쌀밥']"
540,2018-04-12,"['코다리양념조림', '순두부찌개', '잡곡밥', '모듬소시지구이', '청경채사과무침', '포기김치', '쌀밥']"
541,2018-04-13,"['부추생채', '열무김치', '안동찜닭', '잡곡밥', '해물김치전', '근대국', '쌀밥']"
542,2018-04-16,"['잡곡밥', '배추된장국', '짬뽕불고기', '버섯잡채', '포기김치', '청포묵무침', '쌀밥']"
543,2018-04-17,"['쌈무', '잡곡밥', '배추겉절이', '훈제오리구이', '두부조림', '양파절임', '무채국', '쌀밥']"
544,2018-04-18,"['콩나물밥', '치킨핑거', '열무된장국', '오이미역무침', '궁중떡볶음', '포기김치']"
545,2018-04-19,"['실곤약초무침', '알탕', '가지나물', '잡곡밥', '돈육간장볶음', '포기김치', '쌀밥']"
546,2018-04-20,"['알타리김치', '잡곡밥', '쫑상추무침', '돈육김치찌개', '야채계란찜', '가자미카레튀김', '쌀밥']"
547,2018-04-23,"['콩나물국', '잡곡밥', '류산슬', '오이도라지무침', '계란말이', '포기김치', '쌀밥']"
548,2018-04-24,"['청경채새송이볶음', '꽁치김치말이', '잡곡밥', '깐풍기', '쇠고기미역국', '포기김치', '쌀밥']"
549,2018-04-25,"['유부장국', '비빔밥', '요플레', '떡밤초', '포기김치', '오징어튀김']"
550,2018-04-26,"['시래기국', '잡곡밥', '닭매운찜', '호박전', '포기김치', '쑥갓두부무침', '쌀밥']"
551,2018-04-27,"['알타리김치', '순두부찌개', '잡곡밥', '쫄면무침', '상추부추생채', '삼겹살구이', '쌀밥']"
552,2018-04-30,"['치커리무침', '닭데리야끼조림', '잡곡밥', '꽃맛살볶음', '포기김치', '쌀밥', '어묵국']"
553,2018-05-02,"['양장피잡채', '오꼬노미야끼', '유부장국', '김치제육덮밥', '알타리김치', '오렌지']"
554,2018-05-03,"['어묵볶음', '도토리묵냉국', '오이미역무침', '열무김치', '잡곡밥', '수제돈까스*칠리소스', '쌀밥']"
555,2018-05-04,"['콩나물제육볶음', '무청된장국', '잡곡밥', '취나물무침', '임연수구이', '포기김치', '쌀밥']"
556,2018-05-08,"['버섯불고기', '잡곡밥', '배추된장국', '시금치프리타타', '무생채', '포기김치', '쌀밥']"
557,2018-05-09,"['우엉잡채', '도라지무침', '열무김치', '잡곡밥', '돈육김치찌개', '탕수어', '쌀밥']"
558,2018-05-10,"['돈육굴소스볶음', '양배추쌈*쌈장', '잡곡밥', '해파리겨자채', '근대국', '포기김치', '쌀밥']"
559,2018-05-11,"['미역줄기볶음', '잡곡밥', '오징어볶음', '배추겉절이', '두부계란부침', '쌀밥', '소고기무국']"
560,2018-05-14,"['시금치된장국', '잡곡밥', '무쌈', '실곤약무침', '훈제오리구이', '양파절임', '포기김치', '쌀밥']"
561,2018-05-15,"['등갈비김치찜', '열무김치', '잡곡밥', '새송이버섯전', '참나물생채', '얼갈이된장국', '쌀밥']"
562,2018-05-16,"['카레덮밥', '맑은국', '고구마치즈구이', '오이무침', '어묵꽈리고추볶음', '포기김치']"
563,2018-05-17,"['탕평채', '콩나물국', '잡곡밥', '닭볶음탕', '영양부추무침', '포기김치', '쌀밥']"
564,2018-05-18,"['동그랑땡전', '차돌박이된장찌개', '양념깻잎지', '잡곡밥', '주꾸미볶음', '포기김치', '쌀밥']"
565,2018-05-21,"['시래기들깨탕', '잡곡밥', '멸치볶음', '짬뽕불고기', '포기김치', '상추파무침', '쌀밥']"
566,2018-05-23,"['마늘치킨', '곤드레밥*강된장', '고추지무침', '오징어&브로컬리*초장', '얼갈이된장국', '포기김치']"
567,2018-05-24,"['돼지갈비찜', '두부구이', '잡곡밥', '조랭이떡국', '치커리생채', '포기김치', '쌀밥']"
568,2018-05-25,"['떡갈비조림', '사과오이냉국', '잡곡밥', '포기김치', '쌀밥', '청경채무침', '꽁치오븐구이']"
569,2018-05-28,"['두부양념조림', '잡곡밥', '모듬쌈*쌈장', '제육볶음', '포기김치', '미역국', '쌀밥']"
570,2018-05-29,"['알타리김치', '잡곡밥', '올방개묵무침', '해물청경채볶음', '버섯잡채', '김치찌개', '쌀밥']"
571,2018-05-30,"['콩나물밥', '유부장국', '수제돈가스', '파스타샐러드', '무생채', '포기김치']"
572,2018-05-31,"['메밀부추전', '오징어국', '동파삼겹수육', '잡곡밥', '깻잎지', '포기김치', '쌀밥']"
573,2018-06-01,"['명태양념조림', '치킨핑거', '우거지해장국', '잡곡밥', '오이생채', '포기김치', '쌀밥']"
574,2018-06-04,"['알타리김치', '부추생채', '콩나물국', '잡곡밥', '돈육간장볶음', '계란말이', '쌀밥']"
575,2018-06-05,"['취나물', '된장찌개', '잡곡밥', '해파리겨자채', '포기김치', '닭갈비', '쌀밥']"
576,2018-06-07,"['갈치구이', '순두부찌개', '잡곡밥', '도라지생채', '고추잡채*꽃빵', '포기김치', '쌀밥']"
577,2018-06-08,"['잡곡밥', '완자전', '마늘쫑볶음', '배추겉절이', '대구매운탕', '곤약메추리알조림', '쌀밥']"
578,2018-06-11,"['골뱅이무침*소면', '버섯불고기', '잡곡밥', '배추된장국', '포기김치', '콩나물무침', '쌀밥']"
579,2018-06-12,"['알타리김치', '육개장', '잡곡밥', '고등어김치말이', '모듬소시지구이', '청경채무침', '쌀밥']"
580,2018-06-14,"['카레감자채볶음', '호박나물', '잡곡밥', '근대국', '포기김치', '쌀밥', '순살파닭']"
581,2018-06-15,"['브로컬리맛살볶음', '연두부*양념장', '잡곡밥', '오징어볶음', '배추겉절이', '부대찌개', '쌀밥']"
582,2018-06-18,"['잡곡밥', '쫄면무침', '무쌈', '훈제오리구이', '양파절임', '포기김치', '미역국', '쌀밥']"
583,2018-06-19,"['아삭고추무침', '잡곡밥', '삼치데리야끼', '꽃게탕', '비엔나케찹볶음', '포기김치', '쌀밥']"
584,2018-06-20,"['땅콩조림', '팽이장국', '깍두기', '방울토마토', '열무비빔밥', '미니채소떡갈비']"
585,2018-06-21,"['오이냉국', '잡곡밥', '짬뽕불고기', '명란계란말이', '포기김치', '상추파무침', '쌀밥']"
586,2018-06-22,"['잡곡밥', '코다리강정', '닭개장', '도토리묵무침', '포기김치', '잡채', '쌀밥']"
587,2018-06-25,"['해초무침', '잡곡밥', '시금치프리타타', '포기김치', '쌀밥', '닭갈비', '어묵국']"
588,2018-06-26,"['열무김치', '잡곡밥', '류산슬', '영양부추무침', '돈육김치찌개', '생선커틀릿*탈탈소스', '쌀밥']"
589,2018-06-27,"['카레덮밥', '가쯔오장국', '*발사믹소스', '깐풍육', '구운채소', '오복지무침', '포기김치']"
590,2018-06-28,"['매운돼지갈비찜', '메추리알곤약조림', '잡곡밥', '도라지오이생채', '포기김치', '들깨버섯국', '쌀밥']"
591,2018-06-29,"['육개장', '잡곡밥', '메밀전병만두', '올방개묵무침', '동태무조림', '포기김치', '쌀밥']"
592,2018-07-02,"['유자청제육볶음', '콩나물국', '잡곡밥', '계란말이', '미역줄기볶음', '포기김치', '쌀밥']"
593,2018-07-03,"['홍어채무침', '알타리김치', '아욱국', '소고기장조림', '가지나물', '잡곡밥', '쌀밥']"
594,2018-07-04,"['맑은국', '오이무침', '찐옥수수', '탕수어', '포기김치', '곤드레밥*양념장']"
595,2018-07-05,"['해물파전', '도라지나물', '잡곡밥', '닭볶음탕', '근대국', '포기김치', '쌀밥']"
596,2018-07-06,"['도토리묵냉국', '매운어묵볶음', '동파삼겹수육', '잡곡밥', '배추겉절이', '쫑상추무침', '쌀밥']"
597,2018-07-09,"['브로컬리오징어숙회', '고추장찌개', '돈육굴소스볶음', '잡곡밥', '숙주나물', '포기김치', '쌀밥']"
598,2018-07-10,"['우엉잡채', '열무김치', '쌈무', '잡곡밥', '훈제오리구이', '양파절임', '쇠고기매운국', '쌀밥']"
599,2018-07-11,"['미소장국', '견과류조림', '나물비빔밥', '과일샐러드', '포기김치', '오징어튀김']"
600,2018-07-12,"['호박잎된장찌개', '잡곡밥', '도토리묵*양념장', '깐풍기', '해파리겨자채', '포기김치', '쌀밥']"
601,2018-07-13,"['알타리김치', '등갈비김치찜', '연두부*양념장', '잡곡밥', '쌀밥', '콩나물무침', '어묵국']"
602,2018-07-16,"['동그랑땡전', '된장찌개', '잡곡밥', '실곤약야채무침', '소불고기', '포기김치', '쌀밥']"
603,2018-07-17,"['석박지', '찹쌀밥', '참나물생채', '생야채', '수박', '삼계탕']"
604,2018-07-18,"['해물까스*칠리소스', '콩나물밥', '유부장국', '메추리알조림', '배추겉절이', '찐햇감자']"
605,2018-07-19,"['안동찜닭', '잡곡밥', '해물순두부찌개', '부추전', '포기김치', '청경채무침', '쌀밥']"
606,2018-07-20,"['유자청제육볶음', '호박잎*양배추쌈', '잡곡밥', '통도라지구이', '우무콩국', '포기김치', '쌀밥']"
607,2018-07-23,"['돈육굴소스볶음', '간장깻잎지', '잡곡밥', '오징어야채무침', '포기김치', '쌀밥', '어묵국']"
608,2018-07-24,"['우거지해장국', '아삭고추무침', '잡곡밥', '삼치양념구이', '함박스테이크', '포기김치', '쌀밥']"
609,2018-07-25,"['쇠고기샤브국', '오이사과생채', '잡곡밥', '유린기', '사각어묵볶음', '포기김치', '쌀밥']"
610,2018-07-26,"['콩나물냉채', '매운돼지갈비찜', '잡곡밥', '오이지냉국', '참나물땅콩무침', '포기김치', '쌀밥']"
611,2018-07-27,"['치커리유자청무침', '잡곡밥', '새송이버섯전', '주꾸미떡볶음', '닭곰탕', '포기김치', '쌀밥']"
612,2018-07-30,"['잡곡밥', '시금치프리타타', '도라지오이생채', '근대국', '포기김치', '닭갈비', '쌀밥']"
613,2018-07-31,"['콩나물국', '잡곡밥', '가지나물', '짬뽕불고기', '버섯잡채', '포기김치', '쌀밥']"
614,2018-08-01,"['카레덮밥', '떡갈비조림', '감자만두', '가쯔오장국', '오복지', '포기김치', '과일']"
615,2018-08-02,"['열무김치', '잡곡밥', '옥수수전', '돈육김치찌개', '갈치양념조림', '청경채사과무침', '쌀밥']"
616,2018-08-03,"['브로컬리*초장', '잡곡밥', '꽈리고추어묵조림', '닭오븐구이', '연두부탕', '포기김치', '쌀밥']"
617,2018-08-06,"['알타리김치', '골뱅이무침*소면', '호박나물', '잡곡밥', '소불고기', '콩나물김치국', '쌀밥']"
618,2018-08-07,"['잡곡밥', '닭살겨자냉채', '오징어볶음', '얼갈이된장국', '미역줄기볶음', '포기김치', '쌀밥']"
619,2018-08-08,"['꽃맛살샐러드', '맑은국', '깐풍육', '찐옥수수', '포기김치', '열무보리비빔밥']"
620,2018-08-09,"['미역오이냉국', '온두부', '양념깻잎지', '잡곡밥', '볶음김치', '돈육장조림', '쌀밥']"
621,2018-08-10,"['미트볼케찹조림', '굴비구이', '된장찌개', '잡곡밥', '사과맛살초무침', '포기김치', '쌀밥']"
622,2018-08-13,"['포기김치', '잡곡밥', '계란찜', '제육볶음', '참나물무침', '들깨버섯국', '쌀밥']"
623,2018-08-14,"['해초무침', '차돌박이된장찌개', '열무김치', '잡곡밥', '해물누룽지탕', '쫄면야채무침', '쌀밥']"
624,2018-08-16,"['동태포전', '아삭고추무침', '잡곡밥', '닭개장', '주꾸미굴소스볶음', '포기김치', '쌀밥']"
625,2018-08-17,"['알탕', '잡곡밥', '두부오꼬노미야끼', '쇠고기단호박조림', '포기김치', '콩나물무침', '쌀밥']"
626,2018-08-20,"['시금치된장국', '잡곡밥', '무쌈', '실곤약무침', '훈제오리구이', '양파절임', '포기김치', '쌀밥']"
627,2018-08-21,"['소고기불고기', '도라지나물', '열무김치', '잡곡밥', '양념두부조림', '미역국', '쌀밥']"
628,2018-08-22,"['미소장국', '비빔밥', '해물까스', '영양모듬견과', '포기김치', '궁중떡볶이']"
629,2018-08-23,"['꽁치레몬구이', '된장찌개', '잡곡밥', '무생채', '동그랑땡', '포기김치', '쌀밥']"
630,2018-08-24,"['마늘치킨', '잡곡밥', '계란말이', '우무묵냉국', '치커리생채', '포기김치', '쌀밥']"
631,2018-08-27,"['홍어채무침', '어묵볶음', '돈육간장불고기', '잡곡밥', '배추된장국', '포기김치', '쌀밥']"
632,2018-08-28,"['쇠고기샤브국', '잡곡밥', '쫄면무침', '참나물땅콩무침', '탕수어', '포기김치', '쌀밥']"
633,2018-08-29,"['콩나물밥', '치킨핑거', '팽이장국', '메추리알조림', '배추겉절이', '과일샐러드']"
634,2018-08-30,"['마파두부', '잡곡밥', '근대국', '모듬장조림', '포기김치', '숙주나물', '쌀밥']"
635,2018-08-31,"['잡곡밥', '도라지생채', '조랭이떡국', '두부새싹구이', '소고기낙지볶음', '포기김치', '쌀밥']"
636,2018-09-03,"['브로컬리오징어숙회', '취나물', '버섯불고기', '콩나물국', '잡곡밥', '포기김치', '쌀밥']"
637,2018-09-04,"['들깨시래기국', '동파삼겹수육', '잡곡밥', '야채스틱*쌈장', '배추겉절이', '녹두전', '쌀밥']"
638,2018-09-05,"['맑은국', '김치제육덮밥', '열무김치', '무생채', '오징어튀김', '샐러드파스타']"
639,2018-09-06,"['간장찜닭', '연두부*양념장', '잡곡밥', '꽃게탕', '마늘쫑무침', '포기김치', '쌀밥']"
640,2018-09-07,"['매운주꾸미볶음', '잡곡밥', '새송이버섯전', '건파래무침', '포기김치', '미역국', '쌀밥']"
641,2018-09-10,"['돈육고추장불고기', '감자채볶음', '잡곡밥', '연두부국', '양배추쌈', '포기김치', '쌀밥']"
642,2018-09-11,"['잡곡밥', '닭매운찜', '두부스테이크', '쇠고기미역국', '흑임자연근샐러드', '포기김치', '쌀밥']"
643,2018-09-12,"['소불고기덮밥', '가쯔오장국', '*발사믹소스', '구운채소', '오복지무침', '포기김치', '오징어튀김']"
644,2018-09-13,"['시래기국', '등갈비김치찜', '잡곡밥', '부추전', '포기김치', '콩나물무침', '쌀밥']"
645,2018-09-14,"['고추장찌개', '언양식불고기', '잡곡밥', '계란말이', '포기김치', '상추파무침', '쌀밥']"
646,2018-09-17,"['돈육굴소스볶음', '골뱅이무침*소면', '잡곡밥', '무생채', '포기김치', '쌀밥', '어묵국']"
647,2018-09-18,"['아삭고추무침', '잡곡밥', '류산슬', '닭개장', '김치전', '포기김치', '쌀밥']"
648,2018-09-19,"['카레덮밥', '유부장국', '쨔샤이무침', '메밀전병만두', '감자프리타타', '포기김치', '과일']"
649,2018-09-20,"['소고기장조림', '잡곡밥', '꽃게탕', '명태조림', '포기김치', '파래김*양념장', '쌀밥']"
650,2018-09-21,"['돼지갈비찜', '쭈꾸미숙회무침', '송편', '잡곡밥', '식혜', '아욱된장국', '배추겉절이', '잡채', '쌀밥']"
651,2018-10-08,"['돈육고추장불고기', '감자채볶음', '모듬쌈', '잡곡밥', '어묵탕', '포기김치', '쌀밥']"
652,2018-10-10,"['맑은국', '오이초무침', '곤드레밥*강된장', '돈육강정', '포기김치', '사과고구마그라탱']"
653,2018-10-11,"['잡곡밥', '오징어볶음', '단호박계란찜', '청경채사과무침', '포기김치', '들깨버섯국', '쌀밥']"
654,2018-10-12,"['오징어젓무침', '석박지', '과일', '잡곡밥', '야채스틱', '김치전', '쌀밥', '설렁탕']"
655,2018-10-15,"['열무된장국', '버섯불고기', '잡곡밥', '맛살겨자채', '깻잎지', '포기김치', '쌀밥']"
656,2018-10-16,"['우엉잡채', '매운소고기무국', '잡곡밥', '참나물생채', '조기구이', '포기김치', '쌀밥']"
657,2018-10-17,"['생선가스*칠리소스', '콩나물밥', '유부장국', '땅콩조림', '가래떡구이*조청', '포기김치']"
658,2018-10-18,"['브로컬리들깨찜', '해물파전', '열무김치', '감자국', '잡곡밥', '김치제육볶음', '쌀밥']"
659,2018-10-19,"['오징어국', '호박나물', '연두부*양념장', '잡곡밥', '포기김치', '닭갈비', '쌀밥']"
660,2018-10-22,"['고추장찌개', '돈육간장불고기', '잡곡밥', '오이무침', '야채계란찜', '포기김치', '쌀밥']"
661,2018-10-23,"['잡곡밥', '메밀전병만두', '닭볶음탕', '포기김치', '쌀밥', '파래김*양념장', '콩비지찌개']"
662,2018-10-24,"['어묵볶음', '등갈비김치찜', '깍두기', '콩나물국', '잡곡밥', '톳두부무침', '쌀밥']"
663,2018-10-25,"['쇠고기낙지볶음', '잡곡밥', '시금치프리타타', '방풍나물', '얼갈이국', '포기김치', '쌀밥']"
664,2018-10-26,"['잡곡밥', '오징어볶음', '배추겉절이', '두부새싹구이', '근대국', '시금치나물', '쌀밥']"
665,2018-10-29,"['홍어채무침', '황태국', '잡곡밥', '소불고기', '포기김치', '콩나물무침', '쌀밥']"
666,2018-10-30,"['동파삼겹수육', '잡곡밥', '쫑상추무침', '배추겉절이', '실곤약야채무침', '쌀밥', '어묵국']"
667,2018-10-31,"['수제돈가스', '콩나물국', '잡곡밥', '반달호박나물', '닭살겨자채', '포기김치', '쌀밥']"
668,2018-11-01,"['시래기국', '잡곡밥', '새송이버섯전', '청경채생채', '마늘간장치킨', '포기김치', '쌀밥']"
669,2018-11-02,"['잡곡밥', '배추된장국', '무쌈', '훈제오리구이', '양파절임', '포기김치', '참치야채전', '쌀밥']"
670,2018-11-05,"['도라지초무침', '쇠고기샤브국', '잡곡밥', '오징어볶음', '단호박계란찜', '포기김치', '쌀밥']"
671,2018-11-06,"['해파리냉채', '매운콩나물국', '잡곡밥', '배추겉절이', '닭데리야끼구이', '치커리생채', '쌀밥']"
672,2018-11-07,"['오징어젓무침', '맑은국', '곤드레밥*강된장', '탕평채', '사천식탕수육', '포기김치']"
673,2018-11-08,"['동태포전', '잡곡밥', '무생채', '포기김치', '닭갈비', '미역국', '쌀밥']"
674,2018-11-09,"['고등어구이', '육개장', '잡곡밥', '연근조림', '비엔나케찹볶음', '포기김치', '쌀밥']"
675,2018-11-12,"['소고기불고기', '순두부찌개', '골뱅이무침*소면', '아삭고추무침', '잡곡밥', '포기김치', '쌀밥']"
676,2018-11-13,"['유채나물', '청국장찌개', '두부양념조림', '잡곡밥', '돈육강정', '포기김치', '쌀밥']"
677,2018-11-14,"['꽃맛살샐러드', '치킨핑거*요거트드레싱', '팽이장국', '얼갈이겉절이', '포기김치', '콩나물밥*양념장']"
678,2018-11-15,"['아욱국', '오징어숙회무침', '유자청제육볶음', '상추무침', '잡곡밥', '포기김치', '쌀밥']"
679,2018-11-16,"['깍두기', '부추깻잎전', '언양식불고기', '알탕', '잡곡밥', '도토리묵무침', '쌀밥']"
680,2018-11-19,"['돈육굴소스볶음', '매운어묵볶음', '잡곡밥', '꽃게탕', '포기김치', '콩나물무침', '쌀밥']"
681,2018-11-20,"['들깨시래기국', '메추리알조림', '잡곡밥', '주꾸미볶음', '통도라지구이', '포기김치', '쌀밥']"
682,2018-11-21,"['카레덮밥', '맑은국', '오이무침', '파스타샐러드', '새우까스*탈탈소스', '포기김치']"
683,2018-11-22,"['콩나물국', '잡곡밥', '닭볶음탕', '두부구이*양념장', '물파래무침', '포기김치', '쌀밥']"
684,2018-11-23,"['취나물', '버섯불고기', '잡곡밥', '쫄면무침', '배추겉절이', '근대국', '쌀밥']"
685,2018-11-26,"['잡곡밥', '얼갈이국', '감자프리타타', '참나물생채', '포기김치', '닭갈비', '쌀밥']"
686,2018-11-27,"['늙은호박전', '연두부*양념장', '잡곡밥', '배추된장국', '짬뽕불고기', '포기김치', '쌀밥']"
687,2018-11-28,"['가쯔오장국', '나물비빔밥', '군고구마', '과일샐러드', '포기김치', '오징어튀김']"
688,2018-11-29,"['두부김치국', '알타리김치', '물미역*초장', '잡곡밥', '레몬탕수육', '어묵꽈리고추볶음', '쌀밥']"
689,2018-11-30,"['잡곡밥', '해물누룽지탕', '계란말이', '매운버섯국', '포기김치', '얼갈이생채', '쌀밥']"
690,2018-12-03,"['쇠고기낙지볶음', '세발나물', '잡곡밥', '계란찜', '포기김치', '미역국', '쌀밥']"
691,2018-12-04,"['도라지초무침', '잡곡밥', '유린기', '배추겉절이', '모듬버섯볶음', '차돌박이찌개', '쌀밥']"
692,2018-12-05,"['주꾸미초무침', '유부장국', '언양식불고기', '파래김*양념장', '포기김치', '단호박영양밥']"
693,2018-12-06,"['오리불고기', '콩나물국', '잡곡밥', '셀프무쌈말이', '쫑상추무침', '포기김치', '쌀밥']"
694,2018-12-07,"['쇠고기모듬장조림', '동그랑땡전', '잡곡밥', '떡만두국', '깻잎지', '포기김치', '쌀밥']"
695,2018-12-10,"['아욱국', '감자그라탕', '잡곡밥', '제육볶음', '포기김치', '콩나물파채무침', '쌀밥']"
696,2018-12-11,"['알타리김치', '등갈비김치찜', '잡곡밥', '메밀전', '도토리묵무침', '쌀밥', '시금치국']"
697,2018-12-12,"['실곤약초무침', '가쯔오국', '배추겉절이', '가자미튀김', '고추잡채*꽃빵', '콩나물밥*양념장']"
698,2018-12-13,"['동파삼겹수육', '참나물겉절이', '잡곡밥', '매운어묵국', '맛살전', '포기김치', '쌀밥']"
699,2018-12-14,"['잡곡밥', '방풍나물', '치즈함박스테이크', '두부조림', '포기김치', '동태찌개', '쌀밥']"
700,2018-12-17,"['메추리알조림', '콩나물국', '잡곡밥', '짬뽕불고기', '건새우마늘쫑볶음', '포기김치', '쌀밥']"
701,2018-12-18,"['잡곡밥', '닭볶음탕', '배추겉절이', '해물김치전', '물파래무침', '연두부탕', '쌀밥']"
702,2018-12-19,"['팽이장국', '곤드레밥*강된장', '쫄면무침', '탕수어', '치커리유자청생채', '포기김치']"
703,2018-12-20,"['돼지갈비찜', '알타리김치', '호박나물', '잡곡밥', '두부새싹구이', '근대국', '쌀밥']"
704,2018-12-21,"['잡곡밥', '고기전', '갈치양념조림', '비트무생채', '닭개장', '포기김치', '쌀밥']"
705,2018-12-24,"['매운어묵볶음', '부추생채', '열무된장국', '크리스마스케익', '쌈무', '잡곡밥', '훈제오리구이', '포기김치', '쌀밥']"
706,2018-12-26,"['아욱국', '돈육굴소스볶음', '골뱅이무침*소면', '잡곡밥', '얼갈이나물', '포기김치', '쌀밥']"
707,2018-12-27,"['순두부찌개', '잡곡밥', '오징어볶음', '계란말이', '참나물땅콩무침', '포기김치', '쌀밥']"
708,2018-12-28,"['유채나물', '고추장찌개', '버섯불고기', '잡곡밥', '해물동그랑땡', '포기김치', '쌀밥']"
709,2018-12-31,"['돈육고추장불고기', '감자채볶음', '콩나물국', '잡곡밥', '양배추쌈', '포기김치', '쌀밥']"
710,2019-01-02,"['떡국', '해물파전', '도라지오이무침', '잡곡밥', '식혜', '포기김치', '쌀밥', '소갈비찜']"
711,2019-01-03,"['주꾸미초무침', '안동찜닭', '잡곡밥', '꽈리고추찜', '차돌박이찌개', '포기김치', '쌀밥']"
712,2019-01-04,"['두부김치국', '언양식불고기', '잡곡밥', '물미역무침', '삼치구이', '포기김치', '쌀밥']"
713,2019-01-07,"['시래기국', '쇠고기숙주볶음', '늙은호박전', '부추생채', '잡곡밥', '포기김치', '쌀밥']"
714,2019-01-08,"['고등어구이', '콩나물국', '잡곡밥', '치즈함박스테이크', '청경채생채', '포기김치', '쌀밥']"
715,2019-01-09,"['맑은국', '비빔밥', '치킨핑거*요거트소스', '포기김치', '하와이안샐러드', '검정콩조림']"
716,2019-01-10,"['육개장', '깍두기', '잡곡밥', '감자프리타타', '깻잎지', '탕수육', '쌀밥']"
717,2019-01-11,"['잡곡밥', '메밀전', '꽃게탕', '고추잡채*꽃빵', '시금치나물', '포기김치', '쌀밥']"
718,2019-01-14,"['감자채볶음', '돈육굴소스볶음', '알탕', '잡곡밥', '마늘쫑무침', '포기김치', '쌀밥']"
719,2019-01-15,"['알타리김치', '해파리냉채', '잡곡밥', '치커리유자청생채', '쌀밥', '등갈비김치말이', '어묵국']"
720,2019-01-16,"['맑은국', '군만두', '짜장덮밥', '유산슬', '단무지', '포기김치', '오렌지']"
721,2019-01-17,"['쇠고기낙지볶음', '잡곡밥', '배추겉절이', '오이무침', '봄동된장국', '두부스테이크', '쌀밥']"
722,2019-01-18,"['실곤약초무침', '잡곡밥', '우엉조림', '포기김치', '쌀밥', '콩나물김치국', '순살파닭']"
723,2019-01-21,"['고추장찌개', '버섯불고기', '잡곡밥', '야채계란찜', '오이사과무침', '포기김치', '쌀밥']"
724,2019-01-22,"['알타리김치', '잡곡밥', '배추된장국', '새송이버섯전', '닭볶음탕', '청경채생채', '쌀밥']"
725,2019-01-23,"['생선까스*탈탈소스', '콩나물밥', '맑은국', '파스타샐러드', '오복지무침', '포기김치']"
726,2019-01-24,"['누룽지탕수육', '취나물', '잡곡밥', '얼갈이국', '포기김치', '오징어초무침', '쌀밥']"
727,2019-01-25,"['도라지나물', '잡곡밥', '수제비국', '짬뽕불고기', '멸치호두볶음', '배추겉절이', '쌀밥']"
728,2019-01-28,"['브로컬리들깨찜', '된장찌개', '잡곡밥', '김치제육볶음', '포기김치', '사과고구마그라탱', '쌀밥']"
729,2019-01-29,"['유채나물', '치킨무', '잡곡밥', '양파치킨', '새알만두국', '포기김치', '돈육잡채', '쌀밥']"
730,2019-01-30,"['카레덮밥', '유부장국', '쫄면무침', '오이무침', '새우까스*칠리소스', '포기김치']"
731,2019-01-31,"['청국장찌개', '잡곡밥', '비엔나감자볶음', '갈치구이', '포기김치', '콩나물겨자채무침', '쌀밥']"
732,2019-02-01,"['해물파전', '동파삼겹수육', '간장깻잎지', '잡곡밥', '포기김치', '쌀밥', '시금치국']"
733,2019-02-07,"['매운어묵볶음', '부추생채', '열무된장국', '쌈무', '잡곡밥', '훈제오리구이', '포기김치', '쌀밥']"
734,2019-02-08,"['알타리김치', '황태국', '들깨버섯무침', '잡곡밥', '제육볶음', '숙주나물', '쌀밥']"
735,2019-02-11,"['포기김치', '실곤약초무침', '잡곡밥', '계란말이', '소불고기', '쌀밥', '어묵국']"
736,2019-02-12,"['순두부찌개', '물미역*초장', '잡곡밥', '옥수수전', '돈육장조림', '포기김치', '쌀밥']"
737,2019-02-13,"['맑은국', '메추리알조림', '오복지무침', '고구마튀김', '낙지비빔밥', '포기김치']"
738,2019-02-14,"['카레감자채볶음', '양배추쌈*쌈장', '잡곡밥', '꽃게탕', '포기김치', '미니채소떡갈비', '쌀밥']"
739,2019-02-15,"['연두부*양념장', '잡곡밥', '오징어볶음', '봄동된장국', '미역줄기볶음', '포기김치', '쌀밥']"
740,2019-02-18,"['유채나물', '잡곡밥', '새송이버섯전', '치즈함박스테이크', '포기김치', '쌀밥', '콩비지찌개']"
741,2019-02-19,"['굴비구이', '오징어야채무침', '보름나물', '구이김', '차돌박이찌개', '부럼', '포기김치', '오곡밥', '쌀밥']"
742,2019-02-20,"['치킨핑거', '맑은국', '곤드레밥*양념장', '요플레', '무생채', '포기김치', '김치찐만두']"
743,2019-02-21,"['돼지갈비찜', '알타리김치', '아욱국', '잡곡밥', '시금치프리타타', '오이무침', '쌀밥']"
744,2019-02-22,"['언양식불고기', '잡곡밥', '마늘쫑건새우볶음', '돈육김치찌개', '맛살냉채', '포기김치', '쌀밥']"
745,2019-02-25,"['두부양념조림', '고추장찌개', '버섯불고기', '잡곡밥', '참나물', '포기김치', '쌀밥']"
746,2019-02-26,"['고등어구이', '미트볼칠리조림', '잡곡밥', '배추겉절이', '숙주나물', '쇠고기미역국', '쌀밥']"
747,2019-02-27,"['유부장국', '비빔밥', '음료', '떡밤초', '포기김치', '오징어튀김']"
748,2019-02-28,"['콩가루배추된장국', '매운어묵볶음', '무말랭이', '잡곡밥', '포기김치', '돈삼겹보쌈', '쌀밥']"
749,2019-03-04,"['모듬쌈', '돈육간장불고기', '잡곡밥', '해물된장찌개', '옥수수계란찜', '포기김치', '쌀밥']"
750,2019-03-05,"['육개장', '잡곡밥', '얼갈이나물', '삼치구이', '고추잡채*꽃빵', '포기김치', '쌀밥']"
751,2019-03-06,"['알타리김치', '콩나물밥', '미역장국', '유채나물겉절이', '닭가슴살냉채', '코다리강정']"
752,2019-03-07,"['돌나물*초장', '잡곡밥', '북어해장국', '녹두전', '소고기낙지볶음', '포기김치', '쌀밥']"
753,2019-03-08,"['잡곡밥', '비엔나컬리플라워조림', '열무나물무침', '해물누룽지탕', '배추겉절이', '차돌박이찌개', '쌀밥']"
754,2019-03-11,"['쇠고기숙주볶음', '잡곡밥', '감자프리타타', '건새우마늘쫑볶음', '포기김치', '쌀밥', '어묵국']"
755,2019-03-12,"['풋마늘대무침', '안동찜닭', '잡곡밥', '해물김치전', '쑥국', '포기김치', '쌀밥']"
756,2019-03-13,"['카레덮밥', '무말랭이', '쫄면무침', '가쯔오장국', '고구마치즈구이', '포기김치']"
757,2019-03-14,"['우거지해장국', '열무김치', '양념깻잎지', '잡곡밥', '모듬소시지구이', '갈치구이', '쌀밥']"
758,2019-03-15,"['등갈비김치찜', '열무된장국', '호박나물', '잡곡밥', '메밀전병만두', '배추겉절이', '쌀밥']"
759,2019-03-18,"['버섯불고기', '오징어숙회무침', '콩나물국', '잡곡밥', '세발나물', '포기김치', '쌀밥']"
760,2019-03-19,"['아욱국', '잡곡밥', '계란찜', '배추겉절이', '쫑상추무침', '동파육', '쌀밥']"
761,2019-03-20,"['알타리김치', '맑은국', '김치제육덮밥', '시저샐러드', '오이무침', '야채튀김']"
762,2019-03-21,"['깍두기', '동태전', '잡곡밥', '새송이전', '식혜,오렌지,바나나', '봄동겉절이', '쌀밥', '미역국', '한방소갈비찜']"
763,2019-03-22,"['돈육굴소스볶음', '양배추쌈*쌈장', '잡곡밥', '해물된장찌개', '달래두부무침', '포기김치', '쌀밥']"
764,2019-03-25,"['두부구이', '소고기장조림', '잡곡밥', '방풍나물', '꽃게탕', '포기김치', '쌀밥']"
765,2019-03-26,"['들깨버섯무침', '잡곡밥', '제육볶음', '얼갈이나물', '무채국', '포기김치', '쌀밥']"
766,2019-03-27,"['모듬묵샐러드', '가쯔오장국', '배추겉절이', '돈육칠리강정', '숙주나물', '단호박영양밥']"
767,2019-03-28,"['매운돼지갈비찜', '부추팽이겉절이', '열무김치', '잡곡밥', '어묵탕', '야채계란말이', '쌀밥']"
768,2019-03-29,"['미니함박조림', '알탕', '잡곡밥', '셀프무쌈말이', '포기김치', '파래김*양념장', '쌀밥']"
769,2019-04-01,"['치커리무침', '황태국', '잡곡밥', '계란찜', '포기김치', '쌀밥', '소고기숙주볶음']"
770,2019-04-02,"['궁중떡볶음', '잡곡밥', '오징어볶음', '참나물무침', '연두부탕', '포기김치', '쌀밥']"
771,2019-04-03,"['쫄면', '순대볶음', '온두부', '들깨시래기국', '곤드레밥*강된장', '볶음김치']"
772,2019-04-04,"['열무김치', '아삭고추무침', '안동찜닭', '잡곡밥', '야채비빔만두', '돈육김치찌개', '쌀밥']"
773,2019-04-05,"['조랭이떡미역국', '간장깻잎지', '잡곡밥', '짬뽕불고기', '배추겉절이', '맛살전', '쌀밥']"
774,2019-04-08,"['유자청돈육볶음', '된장찌개', '잡곡밥', '모듬쌈*쌈장', '새송이버섯전', '포기김치', '쌀밥']"
775,2019-04-09,"['감자채볶음', '열무김치', '순두부찌개', '견과류조림', '잡곡밥', '주꾸미볶음', '쌀밥']"
776,2019-04-10,"['가쯔오장국', '오복지', '나물비빔밥', '과일샐러드', '포기김치', '오징어튀김']"
777,2019-04-11,"['콩나물국', '잡곡밥', '수제돈까스', '오이무침', '파스타샐러드', '포기김치', '쌀밥']"
778,2019-04-12,"['아욱국', '치커리사과생채', '잡곡밥', '옥수수전', '배추겉절이', '닭오븐구이', '쌀밥']"
779,2019-04-15,"['버섯불고기', '잡곡밥', '시금치프리타타', '도라지오이생채', '매운어묵국', '포기김치', '쌀밥']"
780,2019-04-16,"['우엉잡채', '열무된장국', '잡곡밥', '고구마순나물', '닭볶음탕', '포기김치', '쌀밥']"
781,2019-04-17,"['떡국', '계란장조림', '잡곡밥', '양념깻잎지', '오징어볶음', '포기김치', '쌀밥']"
782,2019-04-18,"['어묵볶음', '미트볼케찹조림', '열무김치', '세발나물', '잡곡밥', '매운버섯국', '쌀밥']"
783,2019-04-19,"['맑은국', '군만두', '짜장덮밥', '(쌀,돈육국내산)', '단무지', '사천식탕수육', '포기김치']"
784,2019-04-22,"['들깨시래기국', '유자청돈육볶음', '양배추쌈*쌈장', '잡곡밥', '콩나물겨자채', '포기김치', '쌀밥']"
785,2019-04-23,"['골뱅이무침*소면', '된장찌개', '잡곡밥', '취나물무침', '쇠고기장조림', '포기김치', '쌀밥']"
786,2019-04-24,"['미소장국', '떡볶이', '언양식불고기', '방울토마토', '카레라이스', '포기김치']"
787,2019-04-25,"['두부김치국', '열무김치', '잡곡밥', '해물누룽지탕', '무나물', '두부카프레제', '쌀밥']"
788,2019-04-26,"['잡곡밥', '(쌀,돈육국내산)', '황태양념구이', '돈육간장강정', '숙주나물', '포기김치', '미역국', '쌀밥']"
789,2019-04-29,"['부추생채', '버섯불고기', '잡곡밥', '계란찜', '김치콩나물국', '포기김치', '쌀밥']"
790,2019-04-30,"['잡곡밥', '모듬묵샐러드', '연근조림', '오징어볶음', '소고기샤브국', '포기김치', '쌀밥']"
791,2019-05-02,"['안동찜닭', '버섯볶음', '잡곡밥', '해물된장찌개', '치커리생채', '포기김치', '쌀밥']"
792,2019-05-03,"['사각어묵무침', '단배추나물', '순두부찌개', '잡곡밥', '(쌀,돈육국내산)', '배추겉절이', '미니채소떡갈비', '쌀밥']"
793,2019-05-07,"['쌈무', '잡곡밥', '훈제오리구이', '두부조림', '양파절임', '포기김치', '쌀밥', '어묵국']"
794,2019-05-08,"['콩나물밥', '치킨핑거', '메추리알조림', '요거트D', '가쯔오장국', '청경채생채', '포기김치']"
795,2019-05-09,"['보쌈', '무말랭이무침', '잡곡밥', '배추겉절이', '근대국', '마늘', '고추', '상추쌈', '쌀밥']"
796,2019-05-10,"['참치김치찌개', '실곤약초무침', '소고기장조림', '깍두기', '잡곡밥', '셀프무쌈말이', '쌀밥']"
797,2019-05-13,"['아욱국', '호박나물', '잡곡밥', '제육볶음', '해파리겨자채', '포기김치', '쌀밥']"
798,2019-05-14,"['차돌된장찌개', '잡곡밥', '고기전', '해물청경채볶음', '미역줄기볶음', '포기김치', '쌀밥']"
799,2019-05-15,"['산채비빔밥', '치킨너겟*머스타드', '가쯔오장국', '연근땅콩조림', '콘샐러드', '포기김치']"
800,2019-05-16,"['돼지갈비찜', '취나물', '잡곡밥', '계란말이', '연두부탕', '포기김치', '쌀밥']"
801,2019-05-17,"['치커리유자청무침', '온두부', '잡곡밥', '볶음김치', '탕수어', '쌀밥', '버섯매운탕']"
802,2019-05-20,"['된장찌개', '잡곡밥', '코다리조림', '방풍나물', '포기김치', '소고기숙주나물볶음', '쌀밥']"
803,2019-05-21,"['열무김치', '잡곡밥', '수원왕갈비통닭', '참나물생채', '해물순두부찌개', '사각어묵볶음', '쌀밥']"
804,2019-05-22,"['도토리묵야채무침', '연두부*양념장', '잡곡밥', '새송이떡갈비구이', '꽃게탕', '포기김치', '쌀밥']"
805,2019-05-23,"['소고기국', '잡곡밥', '시금치고추장무침', '돈육장조림', '가자미튀김', '포기김치', '쌀밥']"
806,2019-05-24,"['땅콩조림', '콩나물국', '계란찜', '부추전', '낙지비빔밥', '포기김치']"
807,2019-05-27,"['잡곡밥', '시금치프리타타', '쫑상추무침', '돈육콩나물불고기', '북어국', '포기김치', '쌀밥']"
808,2019-05-28,"['오징어국', '안동찜닭', '잡곡밥', '감자채전', '오이소박이', '포기김치', '쌀밥']"
809,2019-05-29,"['마파두부', '돈나물유자청무침', '수제돈가스', '잡곡밥', '배추된장국', '포기김치', '쌀밥']"
810,2019-05-30,"['고등어구이', '육개장', '깍두기', '잡곡밥', '야채비빔만두', '파래김*양념장', '쌀밥']"
811,2019-05-31,"['맑은국', '동태전', '마늘쫑무침', '함박스테이크', '포기김치', '봄나물비빔밥']"
812,2019-06-03,"['메추리알조림', '콩나물국', '잡곡밥', '모듬쌈*쌈장', '짬뽕불고기', '포기김치', '쌀밥']"
813,2019-06-04,"['아욱국', '등갈비김치찜', '열무김치', '잡곡밥', '두부계란부침', '콩나물무침', '쌀밥']"
814,2019-06-05,"['맑은국', '코다리조림', '계란말이', '과일샐러드', '포기김치', '곤드레밥*양념장']"
815,2019-06-07,"['고추장찌개', '언양식불고기', '잡곡밥', '오이무침', '버섯잡채', '포기김치', '쌀밥']"
816,2019-06-10,"['골뱅이무침*소면', '잡곡밥', '매운어묵국', '숙주나물', '소불고기', '포기김치', '쌀밥']"
817,2019-06-11,"['땅콩조림', '열무김치', '연두부*양념장', '잡곡밥', '오징어볶음', '부대찌개', '쌀밥']"
818,2019-06-12,"['맑은국', '김치제육덮밥', '깍두기', '사과고구마그라탕', '오복지무침', '맛살냉채']"
819,2019-06-13,"['신김치도토리묵', '잡곡밥', '옹심이만두국', '닭볶음탕', '치커리유자청생채', '포기김치', '쌀밥']"
820,2019-06-14,"['오이냉국', '해물파전', '양념깻잎지', '잡곡밥', '사천식탕수육', '포기김치', '쌀밥']"
821,2019-06-17,"['열무된장국', '잡곡밥', '취나물무침', '돼지고기유자청볶음', '포기김치', '잡채', '쌀밥']"
822,2019-06-18,"['매운돼지갈비찜', '잡곡밥', '무생채', '북어해장국', '흑임자연근샐러드', '포기김치', '쌀밥']"
823,2019-06-19,"['맑은국', '짜장덮밥', '쨔샤이무침', '물만두', '단무지', '깐풍기', '포기김치']"
824,2019-06-20,"['아삭고추무침', '감자국', '잡곡밥', '시금치프리타타', '주꾸미볶음', '포기김치', '쌀밥']"
825,2019-06-21,"['청국장찌개', '소고기장조림', '잡곡밥', '사과오이초무침', '김치전', '포기김치', '쌀밥']"
826,2019-06-24,"['포기김치', '가지나물', '잡곡밥', '옥수수계란찜', '소불고기', '쌀밥', '어묵국']"
827,2019-06-25,"['참치김치찌개', '해파리냉채', '열무김치', '잡곡밥', '돈육장조림', '맛살전', '쌀밥']"
828,2019-06-26,"['카레덮밥', '무말랭이', '쫄면무침', '가쯔오장국', '고구마치즈구이', '포기김치']"
829,2019-06-27,"['잡곡밥', '소고기미역국', '비엔나볶음', '배추겉절이', '양념치킨', '파래김*양념장', '쌀밥']"
830,2019-06-28,"['꽃맛살샐러드', '치킨핑거*요거트드레싱', '팽이장국', '얼갈이겉절이', '포기김치', '콩나물밥*양념장']"
831,2019-07-01,"['매운어묵볶음', '순두부찌개', '잡곡밥', '치즈함박스테이크', '청경채생채', '포기김치', '쌀밥']"
832,2019-07-02,"['우엉잡채', '사과오이냉국', '쇠고기낙지볶음', '잡곡밥', '쫑상추무침', '포기김치', '쌀밥']"
833,2019-07-03,"['맑은국', '마파두부덮밥', '치킨너겟', '파스타샐러드', '찐옥수수', '포기김치']"
834,2019-07-04,"['감자채볶음', '열무된장국', '호박잎*양배추쌈', '잡곡밥', '짬뽕불고기', '포기김치', '쌀밥']"
835,2019-07-05,"['동그랑땡전', '열무김치', '쌈무', '잡곡밥', '부추겉절이', '훈제오리구이', '김치두부국', '양파절임', '쌀밥']"
836,2019-07-08,"['오징어국', '버섯불고기', '잡곡밥', '꽃맛살볶음', '치커리유자청생채', '포기김치', '쌀밥']"
837,2019-07-09,"['시래기국', '잡곡밥', '도라지생채', '닭볶음탕', '어묵꽈리볶음', '포기김치', '쌀밥']"
838,2019-07-10,"['시저샐러드', '가쯔오장국', '깐풍육', '오복지무침', '포기김치', '열무보리비빔밥']"
839,2019-07-11,"['무말랭이', '잡곡밥', '배추겉절이', '해물김치전', '근대국', '삼겹보쌈', '쌀밥']"
840,2019-07-12,"['찹쌀밥', '수제석박지', '수박', '생야채&쌈장', '<초복특식>', '삼계탕']"
841,2019-07-15,"['돈육굴소스볶음', '잡곡밥', '주꾸미야채무침', '차돌박이찌개', '시금치나물', '포기김치', '쌀밥']"
842,2019-07-16,"['열무김치', '잡곡밥', '셀프무쌈말이', '북어계란국', '닭갈비', '간장두부조림', '쌀밥']"
843,2019-07-17,"['미소장국', '산채비빔밥', '아삭고추무침', '요플레', '야채튀김', '포기김치']"
844,2019-07-18,"['모듬묵양념장', '잡곡밥', '참나물생채', '배추겉절이', '돈육김치찌개', '미니채소떡갈비', '쌀밥']"
845,2019-07-19,"['포기김치', '잡곡밥', '비엔나감자볶음', '갈치구이', '무생채', '쌀밥', '소고기무국']"
846,2019-07-22,"['잡곡밥', '치킨샐러드', '양파짱아찌', '매운어묵국', '포기김치', '쌀밥', '소고기숙주볶음']"
847,2019-07-23,"['등갈비김치찜', '깍두기', '시금치된장국', '잡곡밥', '파프리카잡채', '콩나물무침', '쌀밥']"
848,2019-07-24,"['호두견과류강정', '갈비통통만두', '가쯔오국', '카레라이스', '쫄면야채무침', '포기김치']"
849,2019-07-25,"['잡곡밥', '코다리조림', '유린기', '매운소고기국', '포기김치', '치커리사과무침', '쌀밥']"
850,2019-07-26,"['잡곡밥', '우묵냉국', '오이맛살초무침', '고구마함박스테이크', '김치전', '포기김치', '쌀밥']"
851,2019-07-29,"['사과고구마그라탕', '유자청제육볶음', '잡곡밥', '오이무침', '포기김치', '쌀밥', '시금치국']"
852,2019-07-30,"['사과오이냉국', '장어강정', '잡곡밥', '햄감자채볶음', '포기김치', '콩나물무침', '쌀밥']"
853,2019-07-31,"['맑은국', '메밀전병만두', '해물누룽지탕', '오복지', '찐햇감자', '포기김치', '곤드레밥*양념장']"
854,2019-08-01,"['아욱국', '오징어브로컬리숙회', '잡곡밥', '닭볶음탕', '배추겉절이', '청경채생채', '쌀밥']"
855,2019-08-02,"['고추장찌개', '미트볼케찹조림', '잡곡밥', '계란말이', '꽈리고추찜', '포기김치', '쌀밥']"
856,2019-08-05,"['콩나물국', '잡곡밥', '건새우마늘쫑볶음', '포기김치', '닭갈비', '실곤약흑임자무침', '쌀밥']"
857,2019-08-06,"['도토리묵냉국', '잡곡밥', '양배추쌈*젓장', '계란찜', '짬뽕불고기', '포기김치', '쌀밥']"
858,2019-08-07,"['맑은국', '군만두', '단무지무침', '짜장덮밥', '고추잡채*꽃빵', '포기김치']"
859,2019-08-08,"['돼지갈비찜', '어묵볶음', '아욱국', '치커리유자청무침', '잡곡밥', '배추겉절이', '쌀밥']"
860,2019-08-09,"['차돌된장찌개', '양념깻잎지', '잡곡밥', '옥수수전', '주꾸미볶음', '포기김치', '쌀밥']"
861,2019-08-12,"['모듬묵*양념장', '된장찌개', '잡곡밥', '고추잎나물', '포기김치', '쌀밥', '소고기숙주볶음']"
862,2019-08-13,"['깻잎찜', '언양식불고기', '잡곡밥', '감자프리타타', '꽃게탕', '포기김치', '쌀밥']"
863,2019-08-14,"['콩나물밥', '쨔샤이무침', '모히토과일샐러드', '유린기', '올챙이만두국', '포기김치']"
864,2019-08-16,"['잡곡밥', '비름나물된장무침', '닭개장', '쇠고기장조림', '포기김치', '잡채', '쌀밥']"
865,2019-08-19,"['시래기국', '해물겨자냉채', '유자청제육볶음', '연두부*양념장', '잡곡밥', '포기김치', '쌀밥']"
866,2019-08-20,"['닭강정', '모듬소세지구이', '잡곡밥', '소고기미역국', '얼갈이겉절이', '포기김치', '쌀밥']"
867,2019-08-21,"['미소장국', '산채비빔밥', '아삭고추무침', '요플레', '포기김치', '오징어튀김']"
868,2019-08-22,"['오이도라지생채', '열무김치', '잡곡밥', '류산슬', '닭곰탕', '오꼬노미야끼계란말이', '쌀밥']"
869,2019-08-23,"['잡곡밥', '자반고등어구이', '배추겉절이', '돈육김치찌개', '숙주나물', '미니채소떡갈비', '쌀밥']"
870,2019-08-26,"['사과고구마그라탕', '잡곡밥', '꽃게탕', '함박스테이크', '포기김치', '콩나물무침', '쌀밥']"
871,2019-08-27,"['고추장찌개', '버섯불고기', '동태전', '잡곡밥', '레몬미역초무침', '포기김치', '쌀밥']"
872,2019-08-28,"['카레덮밥', '치킨핑거', '맑은국', '오복지', '쫄면야채무침', '포기김치', '과일']"
873,2019-08-29,"['매운어묵볶음', '쌈무', '잡곡밥', '배추된장국', '부추겉절이', '훈제오리구이', '양파절임', '포기김치', '쌀밥']"
874,2019-08-30,"['비엔나컬리플라워볶음', '김구이', '굴비구이', '잡곡밥', '배추겉절이', '부대찌개', '쌀밥']"
875,2019-09-02,"['들깨시락국', '궁중떡볶음', '잡곡밥', '돈육김치볶음', '쫑상추무침', '포기김치', '쌀밥']"
876,2019-09-03,"['갈치무조림', '소고기장조림', '잡곡밥', '참나물생채', '차돌박이찌개', '포기김치', '쌀밥']"
877,2019-09-04,"['유부장국', '오이무침', '새송이너비아니구이', '양장피', '포기김치', '단호박영양밥']"
878,2019-09-05,"['매운돼지갈비찜', '도토리묵야채무침', '호박부추전', '잡곡밥', '토란국', '포기김치', '쌀밥']"
879,2019-09-06,"['된장찌개', '잡곡밥', '배추겉절이', '수제돈까스', '통도라지구이', '미역무침', '쌀밥']"
880,2019-09-09,"['잡곡밥', '모듬쌈*쌈장', '짬뽕불고기', '김치콩나물국', '버섯잡채', '포기김치', '쌀밥']"
881,2019-09-10,"['맑은순두부국', '잡곡밥', '감자프리타타', '청경채겉절이', '사천식탕수육', '포기김치', '쌀밥']"
882,2019-09-11,"['팽이장국', '송편', '식혜', '갈비만두', '나물비빔밥', '포기김치', '과일', '생선까스*칠리소스']"
883,2019-09-16,"['황태국', '부추생채', '연두부*장', '쌈무', '잡곡밥', '훈제오리고추장볶음', '포기김치', '쌀밥']"
884,2019-09-17,"['꽃게된장찌개', '돈육굴소스볶음', '꽃상추겉절이', '잡곡밥', '날치알계란찜', '포기김치', '쌀밥']"
885,2019-09-18,"['오렌지주스', '오징어숙회무침', '잡곡밥', '소고기미역국', '배추겉절이', '파스타샐러드', '탄두리치킨', '과일', '쌀밥']"
886,2019-09-19,"['쇠고기샤브국', '카레감자채볶음', '호박나물', '잡곡밥', '주꾸미볶음', '포기김치', '쌀밥']"
887,2019-09-20,"['사각어묵무침', '열무된장국', '잡곡밥', '비름나물', '대패삼겹*파채', '포기김치', '쌀밥']"
888,2019-09-23,"['동그랑땡전', '유자청제육볶음', '잡곡밥', '근대국', '얼갈이겉절이', '포기김치', '쌀밥']"
889,2019-09-24,"['골뱅이무침', '버섯불고기', '잡곡밥', '얼갈이된장국', '미역줄기볶음', '포기김치', '쌀밥']"
890,2019-09-25,"['맑은국', '사과고구마그라탕', '돈육강정', '오복지무침', '포기김치', '곤드레밥*양념장']"
891,2019-09-26,"['깍두기', '잡곡밥', '해물누룽지탕', '마늘쫑무침', '두부스테이크', '콩나물김치국', '쌀밥']"
892,2019-09-27,"['언양식불고기', '잡곡밥', '계란말이', '청경채생채', '포기김치', '쌀밥', '어묵국']"
893,2019-09-30,"['포기김치', '메추리알조림', '잡곡밥', '짬뽕불고기', '얼갈이겉절이', '쌀밥', '콩가루배추국']"
894,2019-10-02,"['우엉잡채', '깍두기', '잡곡밥', '부추겉절이', '돈육김치찌개', '닭갈비', '쌀밥']"
895,2019-10-04,"['두부양념조림', '잡곡밥', '해물된장찌개', '미역레몬초무침', '소불고기', '포기김치', '쌀밥']"
896,2019-10-07,"['돈육굴소스볶음', '잡곡밥', '마늘쫑건새우볶음', '해파리겨자채', '포기김치', '쌀밥', '콩비지찌개']"
897,2019-10-08,"['잡곡밥', '새송이버섯전', '마늘간장치킨', '동태탕', '포기김치', '치커리사과무침', '쌀밥']"
898,2019-10-10,"['굴비구이', '잡곡밥', '옹심이만두국', '미트볼조림', '포기김치', '청경채무침', '쌀밥']"
899,2019-10-11,"['아욱국', '매운돼지갈비찜', '잡곡밥', '배추겉절이', '건파래무침', '파스타샐러드', '쌀밥']"
900,2019-10-14,"['감자채볶음', '잡곡밥', '제육볶음', '야채스틱', '북어해장국', '포기김치', '쌀밥']"
901,2019-10-15,"['어묵볶음', '부추생채', '콩나물국', '잡곡밥', '포기김치', '닭갈비', '쌀밥']"
902,2019-10-16,"['콩나물밥', '가쯔오국', '쨔샤이무침', '돈육강정', '모히토과일샐러드', '포기김치']"
903,2019-10-17,"['치커리유자청무침', '알탕', '잡곡밥', '해물굴소스볶음', '쇠고기두부찜', '포기김치', '쌀밥']"
904,2019-10-18,"['잡곡밥', '옥수수전', '배추겉절이', '우거지된장국', '마늘쫑무침', '쇠고기장조림', '쌀밥']"
905,2019-10-21,"['고추장찌개', '부추생채', '골뱅이무침', '잡곡밥', '훈제오리단호박볶음', '양파절임', '포기김치', '쌀밥']"
906,2019-10-22,"['잡곡밥', '얼큰순두부찌개', '짬뽕불고기', '도토리묵무침', '포기김치', '잡채', '쌀밥']"
907,2019-10-23,"['우동국', '메밀전병만두', '유린기', '단무지', '카레라이스', '바나나', '포기김치']"
908,2019-10-24,"['열무김치', '잡곡밥', '건새우아욱국', '계란말이', '숙주나물무침', '등갈비김치말이', '쌀밥']"
909,2019-10-25,"['팽이장국', '식혜', '갈비만두', '나물비빔밥', '포기김치', '생선까스*칠리소스']"
910,2019-10-28,"['메추리알조림', '유자청제육볶음', '잡곡밥', '소고기미역국', '모듬쌈*쌈장', '포기김치', '쌀밥']"
911,2019-10-29,"['열무김치', '된장찌개', '잡곡밥', '오징어볶음', '두부새싹구이', '파래김*양념장', '쌀밥']"
912,2019-10-30,"['치킨핑거', '맑은국', '마파두부덮밥', '시저샐러드', '무비트생채', '포기김치']"
913,2019-10-31,"['늙은호박전', '동파삼겹수육', '매운콩나물국', '잡곡밥', '배추겉절이', '쫑상추무침', '쌀밥']"
914,2019-11-01,"['옛날돈까스', '딸기드레싱샐러드', '음료', '감자범벅', '수제피클', '옥수수스프', '포기김치', '쌀밥']"
915,2019-11-04,"['청경채사과생채', '잡곡밥', '계란찜', '근대국', '소고기낙지볶음', '포기김치', '쌀밥']"
916,2019-11-05,"['감자채볶음', '고추장찌개', '잡곡밥', '포기김치', '쌀밥', '콩나물무침', '순살파닭']"
917,2019-11-06,"['김치제육덮밥', '열무김치', '동태전', '가쯔오장국', '시금치프리타타', '오이무침']"
918,2019-11-07,"['오징어국', '잡곡밥', '멸치호두볶음', '물파래무침', '포기김치', '미니채소떡갈비', '쌀밥']"
919,2019-11-08,"['미역장국', '단무지', '사천식탕수육', '포기김치', '멕시칸샐러드', '야채볶음밥*짜장소스']"
920,2019-11-11,"['잡곡밥', '언양식불고기*양파채', '돈육김치찌개', '진미채무침', '포기김치', '잡채', '쌀밥']"
921,2019-11-12,"['차돌된장찌개', '양념깻잎지', '잡곡밥', '옥수수전', '주꾸미볶음', '포기김치', '쌀밥']"
922,2019-11-13,"['맑은국', '사과고구마그라탕', '돈육강정', '배추겉절이', '오복지무침', '곤드레밥*양념장']"
923,2019-11-14,"['콩나물국', '잡곡밥', '모듬소시지구이', '해물누룽지탕', '미역레몬초무침', '포기김치', '쌀밥']"
924,2019-11-15,"['또띠아칩', '치킨텐더샐러드', '피클', '방울토마토', '나가사끼짬뽕국', '김치볶음밥', '포기김치']"
925,2019-11-18,"['소고기장조림', '잡곡밥', '시금치프리타타', '오이무침', '김치콩나물국', '포기김치', '쌀밥']"
926,2019-11-19,"['온두부', '육개장', '잡곡밥', '참나물', '탕수어', '김치볶음', '쌀밥']"
927,2019-11-20,"['미소장국', '닭강정', '오이도라지무침', '포기김치', '청포묵무침', '콩나물밥*양념장']"
928,2019-11-21,"['된장찌개', '잡곡밥', '류산슬', '포기김치', '비빔야채만두', '실곤약흑임자무침', '쌀밥']"
929,2019-11-22,"['포기김치', '카레덮밥', '맑은국', '생선까스', '쫄면야채무침', '아몬드멸치볶음', '과일']"
930,2019-11-25,"['고추장찌개', '버섯불고기', '아삭고추무침', '잡곡밥', '계란말이', '포기김치', '쌀밥']"
931,2019-11-26,"['마파두부', '누룽지탕수육', '깍두기', '잡곡밥', '김치두부국', '파래김*양념장', '쌀밥']"
932,2019-11-27,"['감자치즈구이', '맑은국', '군만두', '나물비빔밥', '치커리유자청생채', '포기김치']"
933,2019-11-28,"['아욱국', '해물파전', '열무김치', '잡곡밥', '닭볶음탕', '청경채생채', '쌀밥']"
934,2019-11-29,"['오므라이스', '미소장국', '모듬튀김', '콘샐러드', '군고구마', '포기김치', '과일']"
935,2019-12-02,"['우엉잡채', '열무된장국', '쌈무', '잡곡밥', '훈제오리구이', '양파절임', '포기김치', '쌀밥']"
936,2019-12-03,"['잡곡밥', '부추전', '마늘쫑무침', '마늘간장치킨', '포기김치', '홍합탕', '쌀밥']"
937,2019-12-04,"['해물까스*칠리소스', '팽이장국', '콥샐러드', '열무김치', '계란', '요플레', '비트무생채', '김치볶음밥']"
938,2019-12-05,"['쇠고기샤브국', '동태전', '잡곡밥', '가지나물', '포기김치', '닭갈비', '쌀밥']"
939,2019-12-06,"['깍두기', '수제돈가스', '양념깻잎지', '잡곡밥', '계란찜', '근대국', '쌀밥']"
940,2019-12-09,"['들깨시래기국', '유자청돈육볶음', '잡곡밥', '콩나물겨자채', '시금치나물', '포기김치', '쌀밥']"
941,2019-12-10,"['잡곡밥', '코다리조림', '유린기', '매운소고기국', '포기김치', '치커리사과무침', '쌀밥']"
942,2019-12-11,"['유부장국', '오이무침', '새송이너비아니구이', '양장피', '포기김치', '단호박영양밥']"
943,2019-12-12,"['매운돼지갈비찜', '도토리묵야채무침', '굴미역국', '호박부추전', '잡곡밥', '포기김치', '쌀밥']"
944,2019-12-13,"['참치김치찌개', '가지무침', '깍두기', '안동찜닭', '잡곡밥', '고추잡채*꽃빵', '쌀밥']"
945,2019-12-16,"['열무된장국', '쌈무', '떡잡채', '잡곡밥', '양파절임', '훈제오리볶음', '포기김치', '쌀밥']"
946,2019-12-17,"['메추리알곤약조림', '유채겉절이', '잡곡밥', '무채국', '포기김치', '쌀밥', '소고기숙주볶음']"
947,2019-12-18,"['미소장국', '콩나물밥', '언양식불고기*양파채', '가래떡츄러스', '포기김치', '샐러드파스타']"
948,2019-12-19,"['해물콩나물찜', '연두부*장', '된장찌개', '잡곡밥', '대패삼겹*파채', '포기김치', '쌀밥']"
949,2019-12-20,"['감자양파국', '간장깻잎지', '잡곡밥', '두부커틀릿', '매운닭찜', '포기김치', '쌀밥']"
950,2019-12-23,"['아욱국', '깍두기', '모듬쌈', '잡곡밥', '돈육김치볶음', '비엔나감자조림', '쌀밥']"
951,2019-12-24,"['애호박전', '치킨핑거', '오징어국', '잡곡밥', '조각케익', '포기김치', '콩나물무침', '쌀밥']"
952,2019-12-26,"['열무김치', '물미역*초장', '된장찌개', '잡곡밥', '짬뽕불고기', '녹두전', '쌀밥']"
953,2019-12-27,"['콘치즈오븐구이', '단무지무침', '가쯔오장국', '파인애플볶음밥', '사천식탕수육', '포기김치']"
954,2019-12-30,"['두부양념조림', '고추장찌개', '버섯불고기', '잡곡밥', '오이무침', '포기김치', '쌀밥']"
955,2019-12-31,"['부추깻잎전', '양배추쌈*쌈장', '잡곡밥', '배추된장국', '닭볶음탕', '포기김치', '쌀밥']"
956,2020-01-02,"['유채나물', '떡국', '잡곡밥', '시금치프리타타', '식혜', '제육볶음', '포기김치', '쌀밥']"
957,2020-01-03,"['미소장국', '비빔밥', '마늘쫑무침', '탕수어', '과일샐러드', '포기김치']"
958,2020-01-06,"['된장찌개', '잡곡밥', '돈육김치볶음', '사각어묵볶음', '쫑상추무침', '포기김치', '쌀밥']"
959,2020-01-07,"['잡곡밥', '오이도라지무침', '감자채전', '포기김치', '쌀밥', '미역국', '순살파닭']"
960,2020-01-08,"['맑은국', '사과고구마그라탕', '돈육강정', '배추겉절이', '오복지무침', '곤드레밥*양념장']"
961,2020-01-09,"['치커리무침', '육개장', '언양식불고기', '잡곡밥', '가자미튀김', '포기김치', '쌀밥']"
962,2020-01-10,"['미소장국', '또띠아피자', '참치회덮밥', '과일샐러드', '포기김치', '락교']"
963,2020-01-13,"['부추생채', '명이절임', '잡곡밥', '마늘쫑볶음', '훈제오리구이', '근대국', '포기김치', '쌀밥']"
964,2020-01-14,"['두부구이', '시래기국', '잡곡밥', '오이무침', '함박스테이크*소스', '포기김치', '쌀밥']"
965,2020-01-15,"['오징어숙회무침', '고기전', '연두부탕', '포기김치', '콩나물무침', '단호박영양밥']"
966,2020-01-16,"['아삭고추무침', '잡곡밥', '깐풍두부', '해물된장찌개', '묵은지닭찜', '포기김치', '쌀밥']"
967,2020-01-17,"['콥샐러드', '열무김치', '크림스프', '김치필라프', '수제피클', '토마토스파게티']"
968,2020-01-20,"['고등어구이', '순두부찌개', '잡곡밥', '포기김치', '닭갈비', '치커리사과유자청무침', '쌀밥']"
969,2020-01-21,"['콩나물냉채', '땅콩조림', '등갈비김치찜', '열무김치', '잡곡밥', '쌀밥', '어묵국']"
970,2020-01-22,"['미역장국', '불고기비빔밥', '허니버터치킨', '오이무침', '포기김치', '모듬묵흑임자샐러드']"
971,2020-01-23,"['돼지갈비찜', '아욱국', '시금치초무침', '동태전', '잡곡밥', '포기김치', '쌀밥']"
972,2020-01-28,"['황태국', '잡곡밥', '어묵꽈리고추조림', '미역오이초무침', '오리고추장볶음', '포기김치', '쌀밥']"
973,2020-01-29,"['꽃맛살샐러드', '치킨핑거', '가쯔오장국', '청경채생채', '포기김치', '콩나물밥*양념장']"
974,2020-01-30,"['들깨시래기국', '잡곡밥', '달래두부무침', '배추겉절이', '닭오븐구이', '시금치나물', '쌀밥']"
975,2020-01-31,"['김치제육덮밥', '시저샐러드', '계란국', '열무나물', '포기김치', '오징어튀김']"
976,2020-02-03,"['쇠고기낙지볶음', '잡곡밥', '계란찜', '세발나물생채', '포기김치', '미역국', '쌀밥']"
977,2020-02-04,"['도라지초무침', '잡곡밥', '돈육강정', '배추겉절이', '모듬버섯볶음', '차돌박이찌개', '쌀밥']"
978,2020-02-05,"['주꾸미초무침', '유부장국', '언양식불고기', '파래김*양념장', '포기김치', '단호박영양밥']"
979,2020-02-06,"['감자채볶음', '동파삼겹수육', '잡곡밥', '어묵탕', '오이무침', '포기김치', '귤', '쌀밥']"
980,2020-02-07,"['두부김치국', '굴비구이', '미트볼조림', '보름나물', '부럼', '포기김치', '오곡밥', '쌀밥']"
981,2020-02-10,"['유채나물', '골뱅이무침*소면', '매운콩나물국', '잡곡밥', '포기김치', '쌀밥', '소고기숙주볶음']"
982,2020-02-11,"['양념깻잎지', '잡곡밥', '레몬탕수육', '포기김치', '쌀밥', '실곤약흑임자무침', '냉이된장찌개']"
983,2020-02-12,"['팽이장국', '곤드레밥*강된장', '닭데리야끼조림', '바나나', '포기김치', '비빔야채만두']"
984,2020-02-13,"['잡곡밥', '돈육간장볶음', '사각어묵볶음', '쫑상추무침', '포기김치', '동태찌개', '쌀밥']"
985,2020-02-14,"['또띠아칩', '김밥볶음밥', '크림새우', '미니짬뽕', '배추겉절이', '하와이안샐러드']"
986,2020-02-17,"['우엉잡채', '쇠고기샤브국', '유자청제육볶음', '잡곡밥', '미역오이초무침', '포기김치', '쌀밥']"
987,2020-02-18,"['차돌된장찌개', '잡곡밥', '고기전', '주꾸미볶음', '봄동겉절이', '포기김치', '쌀밥']"
988,2020-02-19,"['미소장국', '사과고구마그라탕', '메밀전병만두', '나물비빔밥', '포기김치', '도라지오이생채']"
989,2020-02-20,"['간장마늘치킨', '열무김치', '잡곡밥', '호박채나물', '근대국', '오징어초무침', '쌀밥']"
990,2020-02-21,"['치커리만다린무침', '잡곡밥', '새송이버섯전', '짬뽕불고기', '들깨미역국', '포기김치', '쌀밥']"
991,2020-02-24,"['실곤약초무침', '깍두기', '된장찌개', '잡곡밥', '계란찜', '돈육김치볶음', '쌀밥']"
992,2020-02-25,"['부추생채', '늙은호박전', '열무김치', '잡곡밥', '훈제오리구이', '양파절임', '부대찌개', '쌀밥']"
993,2020-02-26,"['팽이장국', '과일샐러드', '마늘쫑무침', '치킨텐더*콘소스D', '낙지비빔밥', '포기김치']"
994,2020-02-27,"['잡곡밥', '북어국', '두부계란부침', '콩나물무침', '포기김치', '닭갈비', '쌀밥']"
995,2020-02-28,"['아욱국', '소고기장조림', '잡곡밥', '세발나물생채', '황태양념구이', '포기김치', '쌀밥']"
996,2020-03-02,"['두부김치국', '치커리유자청무침', '깍두기', '소고기버섯볶음', '잡곡밥', '모듬묵*장', '쌀밥']"
997,2020-03-03,"['양념깻잎지', '잡곡밥', '오징어볶음*소면', '쇠고기무국', '꽃맛살볶음', '포기김치', '쌀밥']"
998,2020-03-04,"['고추장찌개', '떡잡채', '오이무침', '갈치구이', '콩나물밥*달래장', '포기김치']"
999,2020-03-05,"['치킨무', '잡곡밥', '수원왕갈비통닭', '돌나물무침', '김치전', '포기김치', '미역국', '쌀밥']"
1000,2020-03-06,"['곤드레밥', '브로컬리', '돈육간장볶음', '건새우아욱국', '배추겉절이', '쫄면야채무침']"
1001,2020-03-09,"['오이도라지생채', '콩나물국', '잡곡밥', '옥수수계란찜', '소불고기', '포기김치', '쌀밥']"
1002,2020-03-10,"['가자미엿장조림', '꼬들단무지무침', '잡곡밥', '청경채겉절이', '포기김치', '대파육개장*칼국수', '쌀밥']"
1003,2020-03-11,"['(쌀:국내산,돈육:국내', '애기새송이버섯볶음', '미소시루', '카레라이스', '골뱅이야채무침', '포기김치', '감자만두*양념']"
1004,2020-03-12,"['꼬들빼기김치', '열무김치', '순두부찌개', '잡곡밥', '해물돼지갈비찜', '가지완자튀김', '쌀밥']"
1005,2020-03-13,"['동태포전', '석박지', '잡곡밥', '야채스틱,고추*쌈장', '부추겉절이', '쌀밥', '설렁탕']"
1006,2020-03-16,"['돈육굴소스볶음', '아삭고추쌈장무침', '열무김치', '오징어숙회무침', '잡곡밥', '쌀밥', '어묵국']"
1007,2020-03-17,"['차돌박이숙주볶음', '잡곡밥', '대구탕', '브로컬리,다시마*초장', '시금치나물', '포기김치', '쌀밥']"
1008,2020-03-18,"['콩나물냉채', '고춧잎볶음', '마파두부덮밥', '레몬유린기', '조갯살무국', '포기김치']"
1009,2020-03-19,"['포기김치', '잡곡밥', '햄계란말이', '짜장닭볶음', '쌀밥', '고추장고구마순무침', '콩비지찌개']"
1010,2020-03-20,"['감자채볶음', '칠리새우', '풋마늘대무침', '잡곡밥', '갈비탕', '포기김치', '쌀밥']"
1011,2020-03-23,"['시래기국', '봄동전*양념', '잡곡밥', '미역초무침', '포기김치', '오리양념불고기*쌈무', '쌀밥']"
1012,2020-03-24,"['깍두기', '잡곡밥', '소고기미역국', '해물누룽지탕', '김치고기전', '치커리사과무침', '쌀밥']"
1013,2020-03-25,"['유부주머니국', '목살스테이크', '잡곡밥', '오이무침', '파스타샐러드', '포기김치', '쌀밥']"
1014,2020-03-26,"['잡곡밥', '배추된장국', '모듬쌈*쌈장', '계란찜', '제육볶음', '포기김치', '쌀밥']"
1015,2020-03-27,"['맑은국', '치킨너겟', '시저샐러드', '마늘쫑무침', '포기김치', '봄나물비빔밥']"
1016,2020-03-30,"['우렁된장찌개', '연두부*장', '잡곡밥', '오꼬노미계란말이', '주꾸미볶음', '포기김치', '쌀밥']"
1017,2020-03-31,"['고추장찌개', '안동찜닭', '참나물생채무침', '잡곡밥', '모듬버섯볶음', '포기김치', '쌀밥']"
1018,2020-04-01,"['들깨시래기국', '잡곡밥', '삼겹살수육&풋고추', '오복지무침', '배추깻잎*쌈장', '포기김치', '쌀밥']"
1019,2020-04-02,"['감자채볶음', '치커리오이무침', '등갈비김치찜', '잡곡밥', '경상도식소고기국', '참치김치볶음', '쌀밥']"
1020,2020-04-03,"['살구복숭아주스', '순대국밥', '오이&당근*쌈장', '잡곡밥', '고추튀김', '부추무침', '포기김치', '쌀밥']"
1021,2020-04-06,"['오리불고기', '간장깻잎지', '잡곡밥', '음료', '백김치', '포기김치', '미역국', '쌀밥']"
1022,2020-04-07,"['두부양념조림', '후르츠탕수육', '잡곡밥', '유채나물무침', '포기김치', '꽃게된장국', '쌀밥']"
1023,2020-04-08,"['닭강정', '계란국', '셀프무쌈말이', '낙지비빔밥', '포기김치', '짜요짜요']"
1024,2020-04-09,"['두부김치국', '잡곡밥', '시금치부침개', '배추겉절이', '소고기브로컬리볶음', '영양부추생채', '쌀밥']"
1025,2020-04-10,"['오렌지자몽샐러드', '고기듬뿍카레라이스', '실곤약무침', '미니우동', '고구마고로케', '포기김치']"
1026,2020-04-13,"['참치야채샐러드', '아욱국', '치즈닭갈비', '잡곡밥', '고구마치즈빵,오렌지', '숙주나물', '포기김치', '쌀밥']"
1027,2020-04-14,"['청포도', '홍초콩나물국', '열무김치', '참나물땅콩가루무침', '주꾸미세비체샐러드', 'LA갈비구이', '잡곡밥', '새우튀김', '쌀밥']"
1028,2020-04-16,"['전복장각삼계탕', '얼갈이겉절이', '잡곡밥', '해물잡채', '육전', '포기김치', '쌀밥']"
1029,2020-04-17,"['잡곡밥', '바질페스토스파게티', '소고기당면국', '비트무피클', '포기김치', '머위된장무침', '연어스테이크', '쌀밥']"
1030,2020-04-20,"['우엉불고기', '황태국', '오이사과생채', '잡곡밥', '카프레제샐러드', '야채계란말이', '포기김치', '쌀밥']"
1031,2020-04-21,"['베리베리샐러드', '깍두기', '오향장육', '멸치국수', '잡곡밥', '식혜', '꼬막미나리초무침', '양배추,케일*우렁쌈장', '쌀밥']"
1032,2020-04-22,"['단호박견과류구이', '가지나물무침', '오미자주스', '잡곡밥', '나주곰탕', '배추겉절이', '황태포무침', '춘천닭갈비', '쌀밥']"
1033,2020-04-23,"['알타리김치', '새우완자탕', '자몽에이드', '연어훈제샐러드', '잡곡밥', '해물볶음우동', '고구마치즈돈까스', '두릅새송이초무침', '쌀밥']"
1034,2020-04-24,"['그린샐러드', '카레닭볶음', '요거트드링킹', '잡곡밥', '문어오이미역초무침', '포기김치', '모듬소세지버섯구이', '대구지리탕', '쌀밥']"
1035,2020-04-27,"['육개장', '수원왕갈비', '양파호박채나물', '열무김치', '잡곡밥', '홍삼,크란치바', '브로콜리새송이메추리알조림', '쌀밥']"
1036,2020-04-28,"['깻잎전', '*잔반없는날*', '이벤트행사', '배추겉절이', '건강비빔밥*약고추장', '제첩두부국', '황태채마늘쫑무침']"
1037,2020-04-29,"['새우날치알볶음밥', '망고,복숭아아이스티', '쌀국수(숙주들어감)', '오이무초무침', '장어구이*소스', '춘권튀김*칠리드레질', '배추김치']"
1038,2020-05-04,"['배추김치', '잡곡밥', '청,적포도,오렌지주스', '삼겹살더덕고추장구이', '콩나물부추무침', '곰취,명이나물-장아찌', '쌀밥', '버섯들깨국']"
1039,2020-05-06,"['고추가루:중국산)', '왕갈비탕', '석박지', '잡곡밥', '해물전', '황도샐러드,포도주스', '쫄면야채무침', '꼬시래기무초무침', '쌀밥']"
1040,2020-05-07,"['견과류연근조림', '히레카츠*소스', '잡곡밥', '냉메밀소바', '양배추채무침', '과일,프로바이오틱', '포기김치', '쌀밥']"
1041,2020-05-08,"['고추가루:중국산)', '깍두기', '아욱수제비국', '잡곡밥', '치커리유자샐러드,알로에주스', '통오이고추무침', '크레미계란말이', '해물섞어찜', '쌀밥']"
1042,2020-05-11,"['사과,마시는요거트', '냉족발야채무침', '잡곡밥', '백김치', '두부참치조림', '새송이*가지구이', '돈육김치찌개', '양념', '쌀밥']"
1043,2020-05-12,"['잡곡밥', '꽃맛살과일샐러드', '열무물국수', '호박숙*양념장', '오징어링,새우튀김', '포기김치', '쌀밥', '소갈비찜']"
1044,2020-05-13,"['감자채볶음', '잡곡밥', '인절미츄러스맛탕,배즙', '떡갈비', '닭개장', '골뱅이야채무침', '포기김치', '쌀밥']"
1045,2020-05-14,"['파인애플,요플레', '소고기콩나물밥*양념', '고추장누들떡볶이', '야채스틱*견과쌈장', '들깨미역국', '포기김치', '바싹불고기*양파초절임']"
1046,2020-05-15,"['꽈리고추찹쌀무침', '블랙페퍼쉬림프', '잡곡밥', '생선까스*타르', '해초샐러드,사과즙', '유부주머니된장국', '포기김치', '쌀밥']"
1047,2020-05-18,"['잡곡밥', '시금치프리타타', '모듬쌈*쌈장', '제육볶음', '연두부탕', '포기김치', '쌀밥']"
1048,2020-05-19,"['들깨수제비', '잡곡밥', '명엽채볶음', '닭볶음탕', '도토리묵무침', '포기김치', '쌀밥']"
1049,2020-05-20,"['후르츠탕수육', '미역미소시루', '닭살카레라이스', '비빔메밀면', '포기김치', '견과류멸치볶음']"
1050,2020-05-21,"['차돌된장찌개', '잡곡밥', '주꾸미볶음', '두부스테이크', '포기김치', '청경채만다린생채', '쌀밥']"
1051,2020-05-22,"['땅콩조림', '어묵볶음', '소불고기덮밥', '맑은국', '야채비빔만두', '배추겉절이']"
1052,2020-05-25,"['연두부*장', '잡곡밥', '짬뽕불고기', '매콤콩나물국', '쫑상추무침', '포기김치', '쌀밥']"
1053,2020-05-26,"['시래기국', '잡곡밥', '청경채겉절이', '동그랑땡구이', '고추잡채*꽃빵', '포기김치', '쌀밥']"
1054,2020-05-27,"['열무김치', '꽁치한마리구이', '쨔샤이무침', '만두탕수육', '무채국', '곤드레밥*양념장']"
1055,2020-05-28,"['깍두기', '간장깻잎지', '잡곡밥', '오징어볶음', '옥수수계란찜', '쌀밥', '콩비지찌개']"
1056,2020-05-29,"['유부장국', '오이지무침', '마파두부덮밥', '레몬유린기', '두릅소고기샐러드', '배추겉절이']"
1057,2020-06-01,"['콩나물잡채', '잡곡밥', '소고기미역국', '셀프무쌈말이', '포기김치', '닭갈비', '쌀밥']"
1058,2020-06-02,"['사각어묵무침', '된장찌개', '잡곡밥', '돈육고추장볶음', '모듬야채쌈', '포기김치', '쌀밥']"
1059,2020-06-03,"['매실짱아찌', '시저샐러드', '가쯔오장국', '강된장', '깐풍육', '포기김치', '열무보리비빔밥']"
1060,2020-06-04,"['육개장', '소고기장조림', '잡곡밥', '녹두전', '비름나물', '포기김치', '쌀밥']"
1061,2020-06-05,"['깍두기', '야채고로케', '냉모밀국수', '해물부추전', '수박', '베이컨김치볶음밥']"
1062,2020-06-08,"['요구르트', '잡곡밥', '해물동그랑땡', '오삼불고기', '대구탕', '오이무침', '포기김치', '쌀밥']"
1063,2020-06-09,"['시금치된장국', '잡곡밥', '닭볶음탕', '두부구이*양념장', '미역줄기볶음', '포기김치', '쌀밥']"
1064,2020-06-10,"['치킨핑거', '깻잎순무침', '요구르트', '나물비빔밥', '오이사과냉국', '맛살떡샐러드', '포기김치']"
1065,2020-06-11,"['토마토프리타타', '굴비구이', '도라지오이무침', '잡곡밥', '배추겉절이', '매운소고기국', '쌀밥']"
1066,2020-06-12,"['모듬어묵볶음', '포기김치', '요구르트', '돈육버섯고추장덮밥', '참나물생채', '양파링카레튀김', '팽이무국']"
1067,2020-07-01,"['고구마순볶음', '양상추샐러드*딸기요거트', '잡곡밥', '냉모밀국수', '매운돈갈비찜', '메밀전병*간장', '포기김치', '쌀밥']"
1068,2020-07-02,"['홍어미나리초무침', '양상추샐러드*오리엔탈', '잡곡밥', '콩자반', '배추겉절이', '어묵잡채', '대파육개장', '쌀밥']"
1069,2020-07-03,"['요구르트', '부추고추전*간장', '동태알탕', '카레라이스', '쫄면야채무침', '포기김치', '과일요거트샐러드']"
1070,2020-07-06,"['매운소고기무국', '양상추샐러드*흑임자드레싱', '잡곡밥', '옥수수계란찜', '감자채파프리카볶음', '포기김치', '춘천닭갈비', '쌀밥']"
1071,2020-07-07,"['오리불고기', '콩나물맛살냉채', '잡곡밥', '그린샐러드*오렌지드레싱', '양배추숙쌈&쌈장', '물만두국', '핫도그', '포기김치', '쌀밥']"
1072,2020-07-08,"['매실음료', '석박지', '잡곡밥', '한방설렁탕', '채소스틱&쌈장', '콩자반', '통들깨부추무침', '오징어초무침', '쌀밥']"
1073,2020-07-09,"['건새우호박채전', '시저샐러드*시저드레싱', '시금치된장국', '잡곡밥', '닭볶음탕', '도라지오이초무침', '포기김치', '쌀밥']"
1074,2020-07-10,"['무채와사비무침', '맑은콩나물국', '잡곡밥', '쌈채소&쌈장', '콩자반', '양상추샐러드', '마카로니샐러드', '돈육고추장볶음', '포기김치', '쌀밥']"
1075,2020-07-13,"['마파두부덮밥', '레몬유린기', '미역미소시루', '만두찜*간장', '양상추샐러드*요거트D', '포기김치', '숙주미나리무침']"
1076,2020-07-14,"['비타민흑임자샐러드*흑임자D', '건새우무채국', '잡곡밥', '두부커틀렛*칠리', '쭈꾸미삼겹고추장볶음', '쫑상추무침', '포기김치', '쌀밥']"
1077,2020-07-15,"['도토리묵*양념간장', '무말랭이무침', '열기어구이', '치커리만다린샐러드*오렌지D', '콩가루배춧국', '비빔밥*약고추장', '포기김치']"
1078,2020-07-16,"['아삭고추쌈장무침', '장각삼계탕', '잡곡밥', '양상추샐러드*망고D', '해물잡채', '배추겉절이', '가지찜', '쌀밥']"
1079,2020-07-17,"['양배추샐러드*사우전D', '석박지', '수제돈가스*소스', '잡곡밥', '깍둑오이초무침', '김치우동', '호박새우젓볶음', '쌀밥']"
1080,2020-07-20,"['찰현미밥', '호박맑은국', '흑미밥', '양상추샐러드*망고D', '돈육김치볶음', '두부맛전', '모둠채소무침', '포기김치', '쌀밥']"
1081,2020-07-21,"['치자밥', '찰현미밥', '꽃맛살샐러드', '그린샐러드*키위D', '브로콜리숙회*초장', '타래과', '양장피', '닭개장', '포기김치', '쌀밥']"
1082,2020-07-22,"['찰현미밥', '오리불고기', '아욱국', '로스트치킨샐러드*오리엔탈D', '고등어카레구이', '흑미밥', '오이소배기', '매운콩나물무침', '쌀밥']"
1083,2020-07-23,"['찰현미밥', '콘슬로우', '치킨무', '소고기미역국', '깻잎통닭*치킨소스', '병아리콩밥', '새싹샐러드*오렌지D', '김치전', '포기김치', '쌀밥']"
1084,2020-07-24,"['포기김치', '찰현미밥', '양배추샐러드*요플레D', '흑미밥', '해물수제비국', '실곤약냉채', '열무나물', '만가닥버섯불고기', '쌀밥']"
1085,2020-07-27,"['찰현미밥', '황태미역국', '토마토스크램블', '안동찜닭', '흑미밥', '양상추샐러드*유자청D', '얼갈이나물', '포기김치', '쌀밥']"
1086,2020-07-28,"['찰현미밥', '가자미엿장구이', '목살스테이크', '호박된장찌개', '기장밥', '꽈리고추감자조림', '포기김치', '토마토샐러드*발사믹D', '쌀밥']"
1087,2020-07-29,"['마늘*새우젓', '찰현미밥', '그린샐러드*참깨D', '우거지국', '흑미밥', '보쌈김치', '모둠쌈*쌈장', '부추무침', '풋고추', '수박화채', '삼겹살수육', '쌀밥']"
1088,2020-07-30,"['후라이드*강정소스', '팽이장국', '미나리초무침', '그린샐러드*매실D', '브로콜리깨소스무침', '포기김치', '낙지비빔밥*계란후라이']"
1089,2020-07-31,"['찰현미밥', '새우까스*소스', '흑미밥', '마늘종숙회', '양배추샐러드*딸기요거트D', '포기김치', '어묵고추장떡', '짜글이돼지찌개', '쌀밥']"
1090,2020-08-03,"['찰현미밥', '흑미밥', '골뱅이채소무침', '김치두부국', '양상추샐러드*사우전D', '오리대패불고기', '열무나물', '포기김치', '쌀밥']"
1091,2020-08-04,"['찰현미밥', '냉이된장국', '견과류샐러드*땅콩D', '수수밥', '오징어튀김*초간장', '돈갈비찜', '포기김치', '삼색콜리*초고추장', '쌀밥']"
1092,2020-08-05,"['오이양파무침', '찰현미밥', '탱크보이', '장어강정', '맑은콩나물국', '흑미밥', '눈꽃치즈샐러드*오리엔탈D', '배추겉절이', '꽈리고추메추리알조림', '쌀밥']"
1093,2020-08-06,"['찰현미밥', '검정콩밥', '쭈삼불고기', '새송이전', '파프리카해초무침', '분홍소시지전', '건새우아욱국', '콜리샐러드*발사믹D', '찐옥수수', '포기김치', '쌀밥']"
1094,2020-08-07,"['찰현미밥', '아귀순살찜', '흑미밥', '유부채소겨자냉채', '얼갈이된장국', '시리얼샐러드*요플레D', '닭다리바베큐오븐구이', '포기김치', '쌀밥']"
1095,2020-08-10,"['찰현미밥', '뼈없는감자탕', '양상추샐러드*파인애플D', '흑미밥', '근대나물', '해파리무침', '생선까스&소스', '포기김치', '쌀밥']"
1096,2020-08-11,"['찰현미밥', '떡국', '양배추', '더덕무침', '푸실리파스타샐러드', '매운쇠고기버섯볶음', '렌틸콩밥', '수떡수떡화채', '포기김치', '케일숙쌈*양념간장', '쌀밥']"
1097,2020-08-12,"['찰현미밥', '그린샐러드*오리엔탈D', '청경채깨장나물', '열무김치', '타꼬야끼', '흑미밥', '북어채국', '오징어볶음&소면사리', '쌀밥']"
1098,2020-08-13,"['찰현미밥', '유부장국', '참나물두부무침', '바베큐폭립', '차조밥', '부들어묵볶음', '포기김치', '황도샐러드*밀감D', '쌀밥']"
1099,2020-08-14,"['찰현미밥', '살살치킨&칠리소스', '흑미밥', '브로콜리버섯볶음', '사과푸딩샐러드*요플레D', '부추와사비무침', '동태탕', '포기김치', '쌀밥']"
1100,2020-08-18,"['찰현미밥', '김말이튀김', '보리밥', '치즈닭갈비', '상추무침*양념장', '나쵸콥샐러드*토마토살사소스', '단호박', '부대찌개', '포기김치', '쌀밥']"
1101,2020-08-19,"['채소계란말이', '찰현미밥', '그린샐러드*참깨D', '깍두기', '고구마순무침', '흑미밥', '매콤해물볶음', '맑은버섯육개장', '쌀밥']"
1102,2020-08-20,"['갈릭버섯탕수', '오리불고기', '찰현미밥', '흑미밥', '츄러스', '순남시래기국', '검은깨올방개묵무침', '마카로니콘샐러드', '포기김치', '쌀밥']"
1103,2020-08-21,"['찰현미밥', '오향장육', '요구르트', '흑미밥', '고추지무침', '모둠쌈*씨앗쌈장', '크루통샐러드*참깨D', '김치볶음', '쌀밥', '어묵국']"
1104,2020-08-24,"['더덕오이생채', '찰현미밥', '버섯메추리알장조림', '흑미밥', '양상추샐러드*매실D', '콩나물두루치기', '포기김치', '바지락미역국', '쌀밥']"
1105,2020-08-25,"['찰현미밥', '고구마순볶음', '시리얼&요거트', '시금치된장국', '수수밥', '김치빈대떡', '카레닭찜', '포기김치', '쌀밥']"
1106,2020-08-26,"['한식잡채', '찰현미밥', '그린샐러드*오리엔탈D', '석박지', '흑미밥', '나주곰탕', '적어구이&양념장', '얼갈이나물', '쌀밥']"
1107,2020-08-27,"['찰현미밥', '검정콩밥', '열무김치', '요구르트', '닭살겨자냉채', '돈사태김치찜', '다슬기아욱국', '삼색유자청무침', '모닝샌드', '쌀밥']"
1108,2020-08-28,"['찰현미밥', '순두부찌개', '흑미밥', '견과류샐러드*딸기D', '코다리강정', '노각생채', '소불고기', '포기김치', '쌀밥']"
1109,2020-08-31,"['찰현미밥', '황태콩나물해장국', '요구르트', '흑미밥', '시금치프리타타', '(New)궁보계정', '가지고추장무침', '양상추샐러드*석류D', '포기김치', '쌀밥']"
1110,2020-09-01,"['황도샐러드*황도D', '찰현미밥', '우거지국', '우무콩국', '삼색만두채소무침', '기장밥', '호박채나물볶음', '매콤돼지갈비찜', '포기김치', '쌀밥']"
1111,2020-09-02,"['꽃맛살샐러드', '찰현미밥', '(New)수제오미산적', '냉족발야채무침', '흑미밥', '부추샐러드*오리엔탈', '(New)오리들깨탕', '바나나', '포기김치', '쌀밥']"
1112,2020-09-03,"['마파두부', '찰현미밥', '치킨핑거', '열무김치', '매운계란파국', '그린샐러드*요거트D', '쫄면채소무침', '찰보리밥', '쌀밥']"
1113,2020-09-04,"['찰현미밥', '양배추숙쌈', '흑미밥', '옹심이만두국', '대패삽겹숙주볶음', '딸기푸딩', '양상추샐러드*딸기D', '포기김치', '오징어초무침', '쌀밥']"
1114,2020-09-07,"['찰현미밥', '흑미밥', '아욱된장국', '생선까스*소스', '마카로니치즈범벅', '오이사과무침', '양상추샐러드*요거트D', '나쵸칩', '포기김치', '쌀밥']"
1115,2020-09-08,"['계란채소볶음밥', '짜장소스', '취나물쌈장무침', '열대과일', '짬뽕국', '양상추샐러드*망고D', '군만두*장', '포기김치']"
1116,2020-09-09,"['찰현미밥', '양상추샐러드*키위D', '홍합살미역국', '흑미밥', '와사비무쌈', '매콤볼어묵볶음', '포기김치', '수육*새우젓*쌈장', '쌀밥']"
1117,2020-09-10,"['미나리초장무침', '찰현미밥', '그린샐러드*살구D', '수수밥', '돈육김치찌개', '콩나물볶음', '포기김치', '수완왕갈비맛통닭', '쌀밥']"
1118,2020-09-11,"['알타리김치', '찰현미밥', '(New)수제어묵소세지핫도그', '참나물두부무침', '흑미밥', '순대채소볶음', '양상추샐러드*참깨D', '잔치국수', '쌀밥']"
1119,2020-09-14,"['사과나무주스', '찰현미밥', '흑미밥', '미트볼채소볶음', '오리고추장불고기', '양상추샐러드*오리엔탈D', '모둠쌈*쌈장', '포기김치', '배추국', '쌀밥']"
1120,2020-09-15,"['오이양파무침', '찰현미밥', '가자미엿장구이', '순두부찌개', '견과류샐러드*땅콩D', '류산슬', '귀리밥', '포기김치', '햇고구마오븐구이', '쌀밥']"
1121,2020-09-16,"['찰현미밥', '유부장국', '흑미밥', '할라피뇨채소피클', '목살찹스테이크', '양상추샐러드*석류D', '포기김치', '(New)빠네파스타', '쌀밥']"
1122,2020-09-17,"['채소탕수(연근', '찰현미밥', '단호박)', '감자수제비국', '쇠고기낙지볶음', '흑미밥', '양상추샐러드*매실D', '건새우호박볶음', '포기김치', '브로콜리', '쌀밥']"
1123,2020-09-18,"['찰현미밥', '비엔나떡조림', '버섯국', '시리얼샐러드*요거트D', '통도라지고추장구이', '포기김치', '쌀밥', '병아리콩', '(New)고추마요치킨']"
1124,2020-09-21,"['찰현미밥', '흑미밥', '양상추샐러드*딸기D', '딸기푸딩', '청경채겉절이', '옹심이만둣국', '주꾸미브로콜리숙회', '포기김치', '춘천닭갈비', '쌀밥']"
1125,2020-09-22,"['찰현미밥', '매운콩나물국', '수수밥', '김말이강정', '과일샐러드', '참나물무침', '돈갈비찜', '포기김치', '쌀밥']"
1126,2020-09-23,"['한식잡채', '찰현미밥', '오향장육', '석박지', '흑미밥', '부추고추장무침', '양상추샐러드*오리엔탈D', '갈비탕', '쌀밥']"
1127,2020-09-24,"['찰현미밥', '해물파전', '겉절이김치', '그린샐러드*요거트D', '북엇국', '찰보리밥', '콩나물파채불고기', '나쵸칩', '실곤약야채무침', '쌀밥']"
1128,2020-09-25,"['황도샐러드*황도D', '찰현미밥', '고구마순볶음', '흑미밥', '닭다리살스테이크', '감자조림', '동태탕', '포기김치', '쌀밥']"
1129,2020-09-28,"['찰현미밥', '사과', '흑미밥', '파프리카해초무침', '떡만두국', '식혜', '양상추샐러드*딸기D', '오리대패불고기', '꽁치캔김치조림', '포기김치', '쌀밥']"
1130,2020-10-05,"['찰현미밥', '흑미밥', '쫄면채소무침', '춘권튀김*칠리소스', '매운소불고기', '건새우미역국', '양상추샐러드*오미자D', '포기김치', '쌀밥']"
1131,2020-10-06,"['치커리무침', '열무김치', '요거트파르페', '단호박카레라이스', '고추장누들떡볶이', '통계란꼬치어묵탕', '두부강정']"
1132,2020-10-07,"['찰현미밥', '흑미밥', '파프리카감자채볶음', '시금치샐러드*오리엔탈D', '꽃게탕', '인절미', '바베큐장각오븐구이', '포기김치', '버섯초무침', '쌀밥']"
1133,2020-10-08,"['찰현미밥', '닭살겨자냉채', '우거지된장국', '총각김치', '양상추샐러드*살구D', '렌틸콩밥', '부추무침', '(New)하와이언치즈함박스테이크', '쌀밥']"
1134,2020-10-12,"['오이볶음', '찰현미밥', '시금치고추장나물', '흑미밥', '양상추샐러드*매실D', '김칫국', '찹쌀호떡', '훈제오리볶음', '포기김치', '쌀밥']"
1135,2020-10-13,"['찰현미밥', '양상추샐러드*파인애플D', '수수밥', '알배기', '생강채*쌈장', '순남시래기국', '청양부추전', '장어고추장양념구이', '깻잎', '배도라지주스', '포기김치', '쌀밥']"
1136,2020-10-14,"['찰현미밥', '(New)해물보쌈&채소숙회', '겉절이김치', '흑미밥', '만다린샐러드*오렌지D', '두부된장찌개', '츄러스채소맛탕', '도라지나물볶음', '쌀밥']"
1137,2020-10-15,"['찰현미밥', '홍합살무국', '흑미밥', '(New)수제단호박식혜', '시리얼샐러드*요거트D', '두반장가지볶음', '포기김치', '청경채무침', '돈갈비양념구이', '쌀밥']"
1138,2020-10-16,"['임연수무조림', '찰현미밥', '열무김치', '갈릭순살치킨', '흑미밥', '브로콜리쌈장무침', '양상추샐러드*오리엔탈D', '매운쇠고기국', '쌀밥']"
1139,2020-10-19,"['찰현미밥', '단호박어묵탕수', '쭈꾸미삼겹살볶음', '쌈추', '흑미밥', '양상추샐러드*딸기D', '얼갈이된장국', '푸딩', '와사비무쌈*쌈장', '포기김치', '쌀밥']"
1140,2020-10-20,"['찰현미밥', '아귀콩나물찜', '유부김칫국', '연근유자피클', '치킨까스&소스', '요플레', '크루통샐러드*오리엔탈D', '찰보리밥', '포기김치', '쌀밥']"
1141,2020-10-21,"['찰현미밥', '미역미소시루국', '양상추샐러드*키위D', '차돌비빔국수', '토마토계란볶음', '흑미밥', '(New)연어스테이크', '핫도그', '쌈추겉절이', '쌀밥']"
1142,2020-10-22,"['곤드레밥', '찰현미밥', '견과류샐러드*요거트D', '돼지고추장불고기', '겉절이김치', '된장찌개', '삼색물만두무침', '양념장', '버섯잡채', '쌀밥']"
1143,2020-10-23,"['찰현미밥', '건새우호박채전', '양상추샐러드*오렌지D', '흑미밥', '북엇국', '오이생채', '포기김치', '춘천닭갈비', '쌀밥']"
1144,2020-10-26,"['찰현미밥', '요구르트', '맑은콩나물국', '흑미밥', '양상추샐러드*매실D', '생선까스&타르타르소스', '브로콜리숙회', '포기김치', '묵은지닭볶음탕', '쌀밥']"
1145,2020-10-27,"['찰현미밥', '오삼불고기', '계란말이', '유부채소겨자무침', '기장밥', '감자고구마샐러드', '쇠고기미역국', '포기김치', '쌀밥']"
1146,2020-10-28,"['찰현미밥', '석박지', '흑미밥', '방풍나물', '채소스틱&쌈장', '(New)수제토마토청에이드', '양상추샐러드*유자D', '고기완자전', '삼계탕', '쌀밥']"
1147,2020-10-29,"['감자채볶음', '찰현미밥', '(New)고구마순등뼈탕', '겉절이김치', '차조밥', '양상추샐러드*망고D', '도토리묵*양념장', '깐풍기', '단감', '쌀밥']"
1148,2020-10-30,"['찰현미밥', '적어양념장구이', '쇠고기숙주볶음', '흑미밥', '건새우아욱국', '통들깨부추무침', '양상추샐러드*오리엔탈D', '무생채', '쌀밥']"
1149,2020-11-02,"['돼지김치찌개', '찰현미밥', '양상추샐러드*밀감D', '흑미밥', '고구마오븐구이', '당면채소무침', '얼갈이나물', '(New)짜파치킨', '포기김치', '쌀밥']"
1150,2020-11-03,"['찰현미밥', '양상추샐러드*자몽D', '쑥갓쌈&쌈장', '수수밥', '동태매운탕', '대패삼겹살볶음', '어묵고추장볶음', '상추', '포기김치', '쌀밥']"
1151,2020-11-04,"['모둠버섯볶음', '(New)수제사과계피차', '(New)수제참나물장아찌', '겉절이김치', '전주비빔밥', '양상추샐러드*딸기D', '바지락냉이국', '찰떡떡갈비조림']"
1152,2020-11-05,"['알타리김치', '완두콩밥', '찰현미밥', '과일그라탕', '물미역*초장', '쇠고기낙지볶음', '홍합국', '양상추샐러드*오리엔탈D', '쌀밥']"
1153,2020-11-06,"['찰현미밥', '수제탕수육', '치커리오이무침', '근대된장국', '흑미밥', '매콤해물볶음', '양상추샐러드*참깨D', '포기김치', '쌀밥']"
1154,2020-11-09,"['찰현미밥', '(New)수제생강대추차', '매운족발볶음', '흑미밥', '돌나물유자청무침', '아욱된장국', '양상추샐러드*매실D', '포기김치', '해물까스*타르타르소스', '쌀밥']"
1155,2020-11-10,"['찰현미밥', '겉절이김치', '꽈배기도넛', '도라지볶음', '귀리밥', '청경채', '버섯숙회*초장', '양상추샐러드*포도D', '동파육', '미역국', '쌀밥']"
1156,2020-11-11,"['찰현미밥', '석박지', '흑미밥', '골뱅이채소무침', '한방설렁탕', '양상추샐러드*오미자D', '개성식메밀부침개', '참나물무침', '귤', '쌀밥']"
1157,2020-11-12,"['찰현미밥', '타꼬야끼', '수수밥', '해물돼지갈비찜', '양상추샐러드*만다린D', '북엇국', '갓김치', '숙주미나리무침', '쌀밥']"
1158,2020-11-13,"['찰현미밥', '나쵸', '톳무침', '시금치된장국', '안동찜닭', '흑미밥', '수제두부까스&하이소스', '양상추샐러드*요거트D', '포기김치', '쌀밥']"
1159,2020-11-16,"['찰현미밥', '부추양파무침', '흑미밥', '양상추샐러드*망고D', '메추리알탕수', '호박된장찌개', '오리주물럭', '바나나', '포기김치', '쌀밥']"
1160,2020-11-17,"['미소장국', '찰현미밥', '해파리냉채', '두부고기양념찜', '미니버거', '겉절이김치', '양상추샐러드*딸기D', '찰보리밥', '알리오올리오파스타', '쌀밥']"
1161,2020-11-18,"['찰현미밥', '순두부찌개', '라면땅', '흑미밥', '(', '양상추샐러드*매실D', 'New)요거닭', '비엔나채소볶음', '오이쑥갓생채', '포기김치', '쌀밥']"
1162,2020-11-19,"['찰현미밥', '검정콩밥', '물미역*초장', '가자미유린기', '얼갈이된장국', '양상추샐러드*오리엔탈D', '포기김치', '쇠고기당면볶음', '쌀밥']"
1163,2020-11-20,"['황도샐러드*황도D', '찰현미밥', '황태채국', '쌈추', '흑미밥', '깻잎*쌈장', '제육고추장불고기', '포기김치', '콩나물파채무침', '쌀밥']"
1164,2020-11-23,"['찰현미밥', '(New)버터치킨카레소스', '등심돈까스', '양상추샐러드*자몽D', '홍시', '흑미밥', '솎음열무나물', '포기김치', '어묵매운탕', '쌀밥']"
1165,2020-11-24,"['찰현미밥', '차조밥', '(New)참치두부전', '코다리강정', '크루통샐러드*딸기D', '시금치나물', '포기김치', '불낙찌개', '쌀밥']"
1166,2020-11-25,"['찰현미밥', '깍두기', '콩비지김치찌개', '탕평채', '흑미밥', '고추장감자조림', '해물누룽지탕', '수제과일잼샌드', '양상추샐러드*요거트D', '쌀밥']"
1167,2020-11-26,"['찰현미밥', '(New)깐풍연근', '조갯살아욱국', '겉절이김치', '돼지간장불고기', '취나물무침', '양상추샐러드*오리엔탈D', '강낭콩밥', '쌀밥']"
1168,2020-11-27,"['찰현미밥', '청경채찜', '양상추샐러드*키위D', '흑미밥', '이연복의', '팽이된장국', '오징어볶음', '고기완자전*케찹', '포기김치', '쌀밥']"
1169,2020-11-30,"['붕어빵', '찰현미밥', '굴미역국', '눈꽃치즈샐러드*감귤D', '흑미밥', '닭간장조림', '스팸계란전', '쑥갓나물', '포기김치', '쌀밥']"
1170,2020-12-01,"['한식잡채', '찰현미밥', '펜네파스타샐러드', 'LA갈비구이', '오프룻요거트', '김치두부국', '축하떡', '찰보리밥', '삼색유자청무침', '포기김치', '쌀밥']"
1171,2020-12-02,"['팽이장국', '겉절이김치', '찰현미밥)', '메밀전병', '양상추샐러드*매실D', '채소프리타타', '산고추지무침', '(New)바지락비빔밥', '(쌀밥']"
1172,2020-12-03,"['찰현미밥', '양배추', '오향장육', '팥밥', '양상추샐러드*발사믹D', '된장찌개', '더덕구이', '다시마쌈*씨앗쌈장', '포기김치', '쌀밥']"
1173,2020-12-04,"['찰현미밥', '육개장', '양상추샐러드*파인D', '흑미밥', '갈치감자조림', '(New)교촌윙', '포기김치', '톳두부무침', '쌀밥']"
1174,2020-12-07,"['유부주머니국', '찰현미밥', '두부구이', '양상추샐러드*오미지D', '흑미밥', '삼겹살김치볶음', '어묵간장조림', '포기김치', '귤', '쌀밥']"
1175,2020-12-08,"['찰현미밥', '우거지국', '봄동나물', '꿀호떡', '훈제오리마늘볶음', '양상추샐러드*요거트D', '기장밥', '아귀콩나물찜', '포기김치', '쌀밥']"
1176,2020-12-09,"['찰현미밥', '치즈계란찜', '겉절이김치', '호박고추장찌개', '흑미밥', '양상추샐러드*딸기D', '크래미해초무침', '만가닥버섯불고기', '쌀밥']"
1177,2020-12-10,"['찰현미밥', '깍두기', '고등어카레구이', '수수밥', '알배기', '양상추샐러드*오리엔탈D', '북엇국', '상추*쌈장', '제육고추장불고기', '쌀밥']"
1178,2020-12-11,"['찰현미밥', '진미채오이무침', '단호박채소전', '흑미밥', '양상추샐러드*망고D', '닭다리살스테이크', '근대국', '포기김치', '쌀밥']"
1179,2020-12-14,"['찰현미밥', '석박지', '청포도주스', '흑미밥', '쫄면채소무침', '양상추샐러드*키위요거트D', '(New)캔꽁치튀김', '(New)누룽지장각백숙', '풋고추양파쌈장무침', '쌀밥']"
1180,2020-12-15,"['건취나물볶음', '찰현미밥', '쌈배추', '차조밥', '양상추*쌈장', '과일샐러드', '콩나물파채불고기', '굴떡국', '포기김치', '쌀밥']"
1181,2020-12-16,"['황도샐러드*황도D', '찰현미밥', '해물완자전', '겉절이김치', '흑미밥', '가자미무조림', '(New)돈갈비김치찌개', '시금치나물', '쌀밥']"
1182,2020-12-17,"['찰현미밥', '(New)탄두리치킨', '그린샐러드*오리엔탈D', '세발나물무침', '흑미밥', '(New)인도커리&난', '오이소박이', '문어꽈리고추조림', '쌀밥']"
1183,2020-12-18,"['청양고추계란말이', '찰현미밥', '양배추샐러드*사우전D', '흑미밥', '동태알탕', '수제돈까스&소스', '포기김치', '달래무침', '쌀밥']"
1184,2020-12-21,"['찰현미밥', '흑미밥', '새알팥죽', '바지락살무국', '오삼불고기', '양상추샐러드*매실D', '유채나물무침', '포기김치', '소고기잡채', '쌀밥']"
1185,2020-12-22,"['토마토두부카프레제', '찰현미밥', '냉이나물무침', '하와이언함박스테이크', '마늘바게트', '차조밥', '매운쇠고기샤브샤브', '양상추샐러드*시저D', '봄동겉절이', '쌀밥']"
1186,2020-12-23,"['찰현미밥', '(New)파프리카계란전', '흑미밥', '(New)국물쪼리닭', '건새우아욱국', '양상추샐러드*요거트D', '마파무조림', '포기김치', '쌀밥']"
1187,2020-12-24,"['호박된장국', '고등어김치말이찜', '깍두기', '(New)뿌리채소영양밥&달래양념장', '양상추샐러드*자몽D', '파래김', '오리대패불고기']"
1188,2021-01-04,"['찰현미밥', '콩나물잡채', '양상추샐러드*요거트감귤D', '동태전', '흑미밥', '식혜', '소고기떡국', '봉추찜닭', '오미산적', '포기김치', '쌀밥']"
1189,2021-01-05,"['유부된장국', '찰현미밥', '양상추샐러드*키위D', '보리밥', '과일그라탕', '봄동숙*간장양념', '돈육도라지고추장볶음', '콩샐러드', '포기김치', '쌀밥']"
1190,2021-01-06,"['찰현미밥', '아삭이고추된장무침', '파프리카계란말이', '흑미밥', '배추겉절이', '미니핫도그', '양상추샐러드*오리엔탈D', '꽁치한마리레몬구이', '오리들깨탕', '쌀밥']"
1191,2021-01-07,"['찰현미밥', '목살스테이크', '수수밥', '아욱된장국', '참치채소볶음', '무쌈채소말이', '양상추샐러드*황도D', '포기김치', '쌀밥']"
1192,2021-01-08,"['찰현미밥', '양상추샐러드*오렌지D', '콩나물맑은국', '양배추쌈*쌈장', '메추리알짜장떡볶이', '흑미밥', '포기김치', '쌀밥', '매운소고기낙지볶음']"
1193,2021-01-11,"['찰현미밥', '흑미밥', '양상추샐러드*망고D', '쪽파무침', '옥수수계란찜', '오리대패불고기', '포기김치', '미역국', '쌀밥']"
1194,2021-01-12,"['찰현미밥', '검정콩밥', '(New)허니순살치킨', '버블샐러드*D오리엔탈D', '된장찌개', '쑥갓나물', '콩나물볶음', '포기김치', '쌀밥']"
1195,2021-01-13,"['찰현미밥', '시금치된장국', '겉절이김치', '흑미밥', '타코야끼', '돈육두루치기', '양상추샐러드*흑임자D', '상추쌈', '쌀밥']"
1196,2021-01-14,"['찰현미밥', '지중해샐러드', '매운호박볶음', '차조밥', '두부까스*칠리소스', '콩나물김칫국', '포기김치', '쌀밥', '소갈비찜']"
1197,2021-01-15,"['찰현미밥', '뼈없는감자탕', '석박지', '흑미밥', '솎음열무나물', '양상추샐러드*딸기D', '채소스틱*쌈장', '고등어구이*와사비장', '쌀밥']"
1198,2021-01-18,"['포기김치', '찰현미밥', '쌀밥', '감자채카레볶음', '흑미밥', '그린샐러드*매실D', '바나나', '청경채나물', '춘천닭갈비', '어묵국']"
1199,2021-01-19,"['찰현미밥', '치커리오이무침', '떡잡채', '맑은콩나물국', '그린샐러드*키위요거트D', '기장밥', '삼겹살김치찜', '포기김치', '쌀밥']"
1200,2021-01-20,"['찰현미밥', '아욱국', '흑미밥', '수제함박스테이크', '단호박물김치', '양상추샐러드*오리엔탈D', '견과류마카로니범벅', '생깻잎지', '쌀밥']"
1201,2021-01-21,"['봄동전', '찰현미밥', '냉이된장국', '양상추샐러드*파인D', '수수밥', '청경채', '버섯숙회*초장', '무생채', '동파육', '쌀밥']"
1202,2021-01-22,"['양상추샐러드*자몽D', '파프리카해초무침', '계란파국', '전주비빔밥*약고추장', '요거닭', '포기김치', '올방개묵무침']"
1203,2021-01-25,"['찰현미밥', '연두부*달래양념장', '양념김', '깐풍연근', '양상추샐러드*오렌지D', '돈육간장불고기', '흑미밥', '전주식콩나물해장국', '봄동겉절이', '쌀밥']"
1204,2021-01-26,"['찰현미밥', '양배추샐러드*사우전D', '요구르트', '옥수수콘치즈구이', '귀리밥', '들깨미역국', '가지고추장무침', '포기김치', '교촌간장치킨', '쌀밥']"
